N,P,K,temperature,humidity,ph,rainfall,label
90.0,42.0,43.0,20.87974371,82.00274423,6.502985292000001,202.9355362,rice
85.0,58.0,41.0,21.77046169,80.31964408,7.038096361,226.6555374,rice
60.0,55.0,44.0,23.00445915,82.3207629,7.840207144,263.9642476,rice
74.0,35.0,40.0,26.49109635,80.15836264,6.980400905,242.8640342,rice
78.0,42.0,42.0,20.13017482,81.60487287,7.628472891,262.7173405,rice
69.0,37.0,42.0,23.05804872,83.37011772,7.073453503,251.0549998,rice
69.0,55.0,38.0,22.70883798,82.63941394,5.70080568,271.3248604,rice
94.0,53.0,40.0,20.27774362,82.89408619,5.718627177999999,241.9741949,rice
89.0,54.0,38.0,24.51588066,83.53521629999999,6.685346424,230.4462359,rice
68.0,58.0,38.0,23.22397386,83.03322691,6.336253525,221.2091958,rice
91.0,53.0,40.0,26.52723513,81.41753846,5.386167788,264.6148697,rice
90.0,46.0,42.0,23.97898217,81.45061596,7.50283396,250.0832336,rice
78.0,58.0,44.0,26.80079604,80.88684822,5.108681786,284.4364567,rice
93.0,56.0,36.0,24.01497622,82.05687182,6.98435366,185.2773389,rice
94.0,50.0,37.0,25.66585205,80.66385045,6.94801983,209.5869708,rice
60.0,48.0,39.0,24.28209415,80.30025587,7.042299068999999,231.0863347,rice
85.0,38.0,41.0,21.58711777,82.7883708,6.2490506560000005,276.65524589999995,rice
91.0,35.0,39.0,23.79391957,80.41817957,6.970859754,206.2611855,rice
77.0,38.0,36.0,21.8652524,80.1923008,5.953933276,224.55501690000003,rice
88.0,35.0,40.0,23.57943626,83.58760316,5.85393208,291.2986618000001,rice
89.0,45.0,36.0,21.32504158,80.47476396,6.442475375,185.4974732,rice
76.0,40.0,43.0,25.15745531,83.11713476,5.070175667,231.3843163,rice
67.0,59.0,41.0,21.94766735,80.97384195,6.012632591,213.3560921,rice
83.0,41.0,43.0,21.0525355,82.67839517,6.254028451,233.1075816,rice
98.0,47.0,37.0,23.48381344,81.33265073,7.375482851,224.0581164,rice
66.0,53.0,41.0,25.0756354,80.52389148,7.778915154,257.0038865,rice
97.0,59.0,43.0,26.35927159,84.04403589,6.2865001760000006,271.35861370000003,rice
97.0,50.0,41.0,24.52922681,80.54498576,7.070959995,260.2634026,rice
60.0,49.0,44.0,20.77576147,84.49774397,6.244841491,240.0810647,rice
84.0,51.0,35.0,22.30157427,80.64416466,6.043304899,197.9791215,rice
73.0,57.0,41.0,21.44653958,84.94375962,5.824709117,272.2017204,rice
92.0,35.0,40.0,22.17931888,80.33127223,6.3573893660000005,200.0882787,rice
85.0,37.0,39.0,24.52783742,82.73685569,6.364134967999999,224.67572310000003,rice
98.0,53.0,38.0,20.26707606,81.63895217,5.01450727,270.4417274,rice
88.0,54.0,44.0,25.7354293,83.88266234,6.149410611,233.1321372,rice
95.0,55.0,42.0,26.79533926,82.1480873,5.950660556,193.3473987,rice
99.0,57.0,35.0,26.75754171,81.17734011,5.960370061,272.29990560000005,rice
95.0,39.0,36.0,23.86330467,83.15250801,5.561398642,285.2493645,rice
60.0,43.0,44.0,21.01944696,82.95221726,7.416245107000001,298.40184710000005,rice
63.0,44.0,41.0,24.17298839,83.7287574,5.583370042,257.0343554,rice
62.0,42.0,36.0,22.78133816,82.06719137,6.430010215,248.7183228,rice
64.0,45.0,43.0,25.62980105,83.52842314,5.534878156,209.9001977,rice
83.0,60.0,36.0,25.59704938,80.14509262,6.903985986,200.834898,rice
82.0,40.0,40.0,23.83067496,84.81360127,6.271478837999999,298.5601175,rice
85.0,52.0,45.0,26.31355498,82.36698992,7.224285503,265.5355937,rice
91.0,35.0,38.0,24.8972823,80.52586088,6.13428721,183.6793207,rice
76.0,49.0,42.0,24.958779,84.47963372,5.206373153,196.95600080000003,rice
74.0,39.0,38.0,23.24113501,84.59201843,7.782051312999999,233.0453455,rice
79.0,43.0,39.0,21.66628296,80.70960551,7.062779015,210.8142087,rice
88.0,55.0,45.0,24.63544858,80.41363018,7.730367824,253.7202781,rice
60.0,36.0,43.0,23.43121862,83.06310136,5.286203711000001,219.9048349,rice
76.0,60.0,39.0,20.0454142,80.3477562,6.766240045,208.5810155,rice
93.0,56.0,42.0,23.85724032,82.22572988,7.382762603,195.0948311,rice
65.0,60.0,43.0,21.97199397,81.89918197,5.658169482000001,227.3637009,rice
95.0,52.0,36.0,26.22916897,83.83625819,5.543360237999999,286.5083725,rice
75.0,38.0,39.0,23.44676801,84.79352417,6.215109715,283.9338466,rice
74.0,54.0,38.0,25.65553461,83.47021081,7.120272972,217.3788583,rice
91.0,36.0,45.0,24.44345477,82.45432595,5.950647577000001,267.97619480000003,rice
71.0,46.0,40.0,20.2801937,82.1235421,7.236705436,191.9535738,rice
99.0,55.0,35.0,21.7238313,80.2389895,6.501697816,277.9626192,rice
72.0,40.0,38.0,20.41447029,82.20802629,7.592490617,245.1511304,rice
83.0,58.0,45.0,25.75528612,83.51827127,5.875345751,245.6626799,rice
93.0,58.0,38.0,20.61521424,83.77345559,6.932400225,279.5451717,rice
70.0,36.0,42.0,21.84106875,80.72886384,6.9462098810000015,202.3838319,rice
76.0,47.0,42.0,20.08369642,83.29114712,5.739175027000001,263.6372176,rice
99.0,41.0,36.0,24.45802087,82.74835604,6.738652179,182.5616319,rice
99.0,54.0,37.0,21.14347496,80.33502926,5.5948196260000005,198.6730942,rice
86.0,59.0,35.0,25.78720567,82.11124033,6.946636369,243.5120414,rice
69.0,46.0,41.0,23.64124821,80.28597873,5.012139669,263.1103304,rice
91.0,56.0,37.0,23.43191632,80.56887849,6.363472207999999,269.5039162,rice
61.0,52.0,41.0,24.97669518,83.891805,6.880431223,204.8001847,rice
67.0,45.0,38.0,22.72791041,82.17068809999998,7.300410836,260.8875056,rice
79.0,42.0,37.0,24.87300744,82.84022551,6.587918707999999,295.6094492000001,rice
78.0,43.0,42.0,21.32376327,83.00320459,7.283736617000001,192.3197536,rice
75.0,54.0,36.0,26.29465461,84.56919326,7.023936392,257.4914906,rice
97.0,36.0,45.0,22.2286982,81.85872947,6.939083505,278.0791793,rice
67.0,47.0,44.0,26.73072391,81.78596776,7.868474653,280.4044392,rice
73.0,35.0,38.0,24.88921174,81.97927117,5.005306977,185.9461429,rice
77.0,36.0,37.0,26.88444878,81.46033732,6.136131869,194.5766559,rice
81.0,41.0,38.0,22.67846116,83.72874389,7.5240800760000015,200.9133156,rice
68.0,57.0,43.0,26.08867875,80.37979919,5.706943251,182.9043504,rice
72.0,45.0,35.0,25.42977518,82.94682591,5.758506323,195.3574542,rice
61.0,53.0,43.0,26.40323239,81.05635517,6.349606327,223.3671883,rice
67.0,43.0,39.0,26.04371967,84.96907151,5.9999690260000005,186.7536773,rice
67.0,58.0,39.0,25.2827223,80.54372813,5.453592032,220.1156708,rice
66.0,60.0,38.0,22.08576562,83.47038318,6.372576327000001,231.7364957,rice
82.0,43.0,38.0,23.28617173,81.43321641,5.105588355,242.3170629,rice
84.0,50.0,44.0,25.48591986,81.40633547,5.9353444060000005,182.6549356,rice
81.0,53.0,42.0,23.67575393,81.03569343,5.17782304,233.7034975,rice
91.0,50.0,40.0,20.82477109,84.1341879,6.462391607000001,230.22422230000004,rice
93.0,53.0,38.0,26.92995077,81.91411159,7.069172227,290.67937830000005,rice
90.0,44.0,38.0,23.83509503,83.88387074,7.473134377,241.20135130000003,rice
81.0,45.0,35.0,26.52872817,80.12267476,6.158376967000001,218.9163567,rice
78.0,40.0,38.0,26.46428311,83.85642678,7.549873681,248.2256491,rice
60.0,51.0,36.0,22.69657794,82.81088865,6.028321557999999,256.9964761,rice
88.0,46.0,42.0,22.68319059,83.46358271,6.604993475,194.2651719,rice
93.0,47.0,37.0,21.53346343,82.14004101,6.500343222000001,295.9248796,rice
60.0,55.0,45.0,21.40865769,83.32931909999998,5.935745417000001,287.5766935000001,rice
78.0,35.0,44.0,26.54348085,84.67353597,7.072655622,183.6222657,rice
65.0,37.0,40.0,23.35905428,83.59512273,5.333322606,188.413665,rice
71.0,54.0,16.0,22.61359953,63.69070564,5.7499144210000015,87.75953857,maize
61.0,44.0,17.0,26.10018422,71.57476937,6.931756557999999,102.2662445,maize
80.0,43.0,16.0,23.55882094,71.59351368,6.657964753,66.71995467,maize
73.0,58.0,21.0,19.97215954,57.68272924,6.596060648,60.65171481,maize
61.0,38.0,20.0,18.47891261,62.69503871,5.970458434,65.43835393,maize
68.0,41.0,16.0,21.77689322,57.80840636,6.158830619,102.0861694,maize
93.0,41.0,17.0,25.6217169,66.50415474,6.047906679,105.4654703,maize
89.0,60.0,19.0,25.19192419,66.69029010000001,5.913664501,78.06639649,maize
76.0,44.0,17.0,20.41683147,62.55424820000001,5.855442401,65.27798457,maize
67.0,60.0,25.0,24.92162194,66.78627406,5.750254943,109.2162279,maize
70.0,44.0,19.0,23.31689124,73.4541537,5.852607099,94.29712821,maize
90.0,49.0,21.0,24.84016732,68.3584573,6.4725232870000005,74.05474936,maize
62.0,52.0,16.0,22.27526694,58.84015925,6.9670577620000005,63.87020584,maize
92.0,44.0,16.0,18.87751445,65.76816093,6.082973754,94.76189431,maize
66.0,54.0,21.0,25.19008683,60.200168700000006,5.919045532,72.12375573,maize
63.0,58.0,22.0,18.25405352,55.28220433,6.204747652999999,63.72358154,maize
70.0,47.0,17.0,24.612911800000006,70.4162444,6.600827017,104.1626147,maize
61.0,41.0,17.0,25.1420613,65.26185135,6.021902237000001,76.68456006,maize
66.0,53.0,19.0,23.09348056,60.11593810000001,6.033550195,65.49730729,maize
74.0,55.0,19.0,18.05033737,62.89366992,6.28886807,84.23613484,maize
77.0,57.0,21.0,24.9321581,73.80435276,6.550563822999999,79.74078719,maize
99.0,50.0,15.0,18.14710054,71.09445342,5.573286437,88.07753741,maize
74.0,56.0,22.0,18.28362235,66.65952796,6.829199275,80.97573281,maize
83.0,45.0,21.0,18.83344471,58.75082029,5.716222912,79.75328959999999,maize
100.0,48.0,16.0,25.71895816,67.22190688,5.54990242,74.51490791,maize
79.0,51.0,16.0,25.33797709,68.49835977,6.586244581,96.46380213,maize
94.0,39.0,18.0,23.89114571,57.48775781,5.893093135,102.8301942,maize
75.0,49.0,15.0,21.53574127,71.50905983,5.918263801,102.4852929,maize
78.0,48.0,22.0,23.08974909,63.10459626,5.588650585,70.43473609,maize
87.0,54.0,20.0,25.61707368,63.4711755,6.576418207000001,108.8303762,maize
87.0,35.0,25.0,21.44526922,63.1621551,6.178056304,65.88951188,maize
63.0,43.0,19.0,18.51816776,55.53128131,6.641906353,90.988051,maize
84.0,57.0,25.0,22.53510514,67.99257471,6.489040367,64.40866039,maize
64.0,35.0,23.0,23.02038334,61.89472002,5.680361037999999,63.03843397,maize
60.0,46.0,22.0,24.89364635,65.61418761,6.625404347999999,87.9298085,maize
98.0,44.0,21.0,25.77175115,74.089114,6.524478032,107.4931917,maize
75.0,56.0,18.0,19.39851734,62.35750641,5.696205468,60.95197486,maize
86.0,55.0,21.0,21.54156232,59.64024162,6.803931519,109.7515385,maize
98.0,35.0,18.0,23.79746068,74.82913698,6.252797547999999,91.76337172,maize
76.0,57.0,18.0,18.9802729,74.52600826,6.092725883,94.26249353,maize
99.0,56.0,17.0,24.10859207,73.13112261,6.234330356,71.07562236,maize
60.0,44.0,23.0,24.7947077,70.04556743,5.722579819,76.72860067,maize
74.0,48.0,17.0,21.63162756,60.27766379,6.430616465,69.21803098,maize
89.0,60.0,17.0,25.37548751,57.21025565,5.983952675,101.7004306,maize
69.0,51.0,23.0,22.21738222,72.85462807,6.80163854,106.6213157,maize
96.0,46.0,22.0,20.58314011,69.00128641,6.499936446,66.29390357,maize
61.0,60.0,15.0,24.87502824,68.74248334,6.265564338,91.26056654,maize
74.0,58.0,18.0,20.03728219,56.35606753,6.727303282,109.024141,maize
74.0,43.0,23.0,25.95263264,61.89082199,6.325235159,99.57981207,maize
63.0,43.0,17.0,19.28889933,65.47050802,6.807487794,71.3195307,maize
99.0,36.0,20.0,20.57981887,65.34583901,6.671085817000001,78.34604471,maize
77.0,36.0,23.0,24.71417533,56.73426469,6.648725327,88.45361858,maize
87.0,60.0,23.0,20.27317074,63.91281869,6.439071996,62.50351892,maize
60.0,38.0,17.0,18.41932981,64.23580251,6.474476516,76.41312437,maize
94.0,54.0,17.0,23.39128187,61.74427165,5.871647806,107.3198135,maize
95.0,38.0,22.0,19.84939404,61.24500053,5.730617109,100.7689246,maize
84.0,44.0,21.0,21.869274,61.91044947,5.850439831,107.2681929,maize
77.0,58.0,19.0,22.8056033,56.50768935,5.791649933,101.5952794,maize
66.0,44.0,20.0,19.0781471,69.02298571,6.740000687999999,80.72515943,maize
63.0,35.0,16.0,22.02720976,65.35549924,6.272417541,83.73280082,maize
79.0,45.0,20.0,23.80546189,59.24537979,5.715208817000001,89.96220140000001,maize
72.0,60.0,25.0,18.52510753,69.0276233,5.773454729,88.10234397,maize
67.0,51.0,24.0,23.50297882,61.32026065,5.584171461,64.77791424,maize
86.0,36.0,24.0,26.54986394,72.89187265,5.787268394,73.33636055,maize
76.0,48.0,18.0,19.29563411,69.63481219,5.77597783,83.21030571,maize
75.0,53.0,18.0,20.68899915,59.4375337,6.864793607,103.651438,maize
81.0,45.0,23.0,19.32666088,68.03449300000001,6.192360002999999,84.22969177,maize
73.0,45.0,21.0,24.60532218,73.58868502,6.636803222999999,96.59195302,maize
71.0,35.0,24.0,22.27373646,59.52193158,5.826426917,67.96704792,maize
96.0,54.0,22.0,25.70196694,61.33450447,6.960358276,83.20711308,maize
99.0,39.0,18.0,19.20129357,68.30578978,6.11275104,87.85092352,maize
62.0,48.0,20.0,21.70181447,60.47470519,6.708446922,95.71388473,maize
86.0,37.0,16.0,20.51716779,59.21235483,5.561510732,67.61013737,maize
94.0,50.0,19.0,23.30355338,73.62548442,5.873242491,97.59081274,maize
76.0,39.0,24.0,24.2547451,55.64709899,6.995843776,64.23845455,maize
77.0,52.0,17.0,24.86374934,65.7420046,5.714799723,75.82270467,maize
74.0,39.0,23.0,22.6265115,65.77472881,6.78073637,88.17251033,maize
81.0,49.0,20.0,18.04185513,60.61494304,5.513697923,104.2321615,maize
63.0,42.0,21.0,23.26237612,72.33125523,5.798423907999999,67.10225139,maize
99.0,38.0,21.0,22.88330922,71.59722446,6.352471866,67.72777298,maize
90.0,52.0,25.0,25.97482359,69.36385721,6.822586546,103.2234212,maize
68.0,40.0,19.0,26.14384005,66.20569924,6.655426355,107.2361366,maize
60.0,57.0,24.0,18.66116213,61.55327249,6.1212940410000005,75.03247667,maize
71.0,52.0,18.0,25.10787449,55.97732754,5.790770202999999,78.16077693,maize
61.0,59.0,17.0,23.33844615,59.24580604,6.47444292,105.0083144,maize
88.0,38.0,15.0,25.08239719,65.92195844,6.455116637000001,62.49190812,maize
65.0,60.0,22.0,25.36768364,72.52054555,6.6069840860000015,107.9124111,maize
78.0,37.0,22.0,25.34217103,63.31801994,6.330554389,74.52082026,maize
78.0,58.0,15.0,25.00933355,67.816568,6.5286312660000005,62.91359494,maize
92.0,60.0,23.0,18.66746724,71.516474,5.721667141,69.93293255,maize
79.0,59.0,17.0,20.37999665,63.73849998,6.644205485,108.5054416,maize
91.0,55.0,15.0,18.09300227,72.61024172,6.376651091,78.96159541,maize
76.0,51.0,18.0,26.16985907,71.96246617,6.247040422,79.84925393,maize
87.0,48.0,25.0,18.65396672,61.37879671,6.656730007999999,93.62039175,maize
71.0,60.0,22.0,26.07470121,59.37147589,6.2048017,85.75692395,maize
90.0,57.0,24.0,18.92851916,72.80086137,6.158860284,82.34162918,maize
67.0,35.0,22.0,23.30546753,63.24648023,6.385684213999999,108.7603001,maize
60.0,54.0,19.0,18.74826712,62.49878458,6.417820493,70.23401597,maize
83.0,58.0,23.0,19.74213321,59.66263104,6.381201909,65.50861389,maize
83.0,57.0,19.0,25.73044432,70.74739256,6.877869005,98.73771338,maize
40.0,72.0,77.0,17.02498456,16.98861173,7.485996067,88.55123143,chickpea
23.0,72.0,84.0,19.02061277,17.13159126,6.920251378,79.92698081,chickpea
39.0,58.0,85.0,17.88776475,15.40589717,5.9969320370000005,68.54932919,chickpea
22.0,72.0,85.0,18.86805647,15.65809214,6.391173589,88.51048983,chickpea
36.0,67.0,77.0,18.36952567,19.56381041,7.152811172000001,79.26357665,chickpea
32.0,73.0,81.0,20.45078582,15.40312102,5.988992796000002,92.68373702,chickpea
58.0,70.0,84.0,20.6543203,16.60820843,6.231049027999999,74.6631118,chickpea
59.0,70.0,84.0,17.3348681,18.74926979,7.550808267000001,82.61734721,chickpea
42.0,62.0,75.0,18.17912258,18.90426935,7.010570541,81.84997529,chickpea
28.0,74.0,81.0,18.01272266,18.30968112,8.753795334,81.98568791,chickpea
58.0,66.0,79.0,20.99373558,19.33470387,8.718192847000001,93.55280105,chickpea
43.0,66.0,79.0,19.46233971,15.22538951,7.976607593,74.58565097,chickpea
58.0,63.0,81.0,19.81344531,14.69765308,6.515499548999999,78.96514709,chickpea
23.0,62.0,85.0,18.97424756,19.5161216,8.490127142,80.7108745,chickpea
27.0,62.0,77.0,18.19737048,14.71070537,6.576415562,70.18185181,chickpea
28.0,72.0,84.0,18.72963144,19.18197264,6.481783042999999,71.58010169,chickpea
50.0,56.0,76.0,20.99502153,19.8601304,7.966605025,73.50734019,chickpea
39.0,71.0,84.0,20.28155898,16.39535215,8.140825437,82.52339655,chickpea
25.0,78.0,76.0,17.48042641,15.7559405,7.228963452,66.96980581,chickpea
31.0,70.0,77.0,20.88818675,14.32313811,6.492546046,90.46228334,chickpea
26.0,80.0,83.0,17.08498521,16.14565756,7.528599957000001,71.31007253,chickpea
25.0,68.0,77.0,20.09340593,15.11279612,7.701446446,85.74904898,chickpea
31.0,78.0,76.0,17.57212145,14.99927489,8.519975748,89.31050665,chickpea
60.0,68.0,83.0,19.12065218,18.43475844,6.620900869,85.52950164,chickpea
59.0,62.0,83.0,18.57665902,19.22008229,8.104396057999999,72.94940441,chickpea
22.0,67.0,78.0,17.16606398,14.42457525,6.204090835,72.32667516,chickpea
36.0,65.0,80.0,18.2872007,16.67921616,6.051091339,74.87445574,chickpea
59.0,60.0,84.0,19.03025305,18.66725565,7.690962337999999,94.70992037,chickpea
54.0,77.0,85.0,17.141861399999996,17.0662427,7.8292111439999985,83.74606679,chickpea
43.0,68.0,81.0,17.47809436,17.93253975,6.761599706,78.92060234,chickpea
28.0,76.0,82.0,20.56601874,14.25803981,6.654425315,83.75937135,chickpea
42.0,79.0,85.0,17.22385224,15.82069268,6.129533877,76.57580954,chickpea
32.0,60.0,83.0,19.69141713,19.44225438,8.829273328,91.76071648,chickpea
22.0,78.0,76.0,17.84851658,19.09172907,8.621662982,76.32470713,chickpea
31.0,79.0,75.0,18.8202251,16.1074793,8.204862075,89.73119396,chickpea
28.0,58.0,81.0,17.47500984,16.54314829,6.18042747,93.35034262,chickpea
57.0,58.0,77.0,18.72649425,17.58406365,7.978996755,81.20176515,chickpea
49.0,55.0,78.0,18.65580107,16.17772668,7.863113671,81.70769297,chickpea
46.0,76.0,77.0,18.2356751,19.68538502,6.967843048,83.74879344,chickpea
54.0,61.0,77.0,18.81198127,15.21618225,6.206582192999999,77.54294240000002,chickpea
38.0,60.0,76.0,18.65054116,17.80852431,8.868741443,77.92798682,chickpea
59.0,55.0,79.0,20.36720401,16.89574311,8.766128654,82.2545577,chickpea
36.0,76.0,75.0,18.38120357,16.63805158,8.736337905,70.52056697,chickpea
57.0,68.0,81.0,17.17012591,17.30457712,8.081095263,72.78624223,chickpea
35.0,66.0,81.0,19.37101121,15.77458129,6.138243973,85.24819851,chickpea
35.0,64.0,78.0,17.92845928,14.27327988,7.496645259,85.37378769,chickpea
52.0,60.0,79.0,19.45339934,18.23490739,8.380185271,75.6317566,chickpea
27.0,76.0,83.0,19.12829388,14.92241479,6.289614016,89.61857826,chickpea
57.0,60.0,84.0,19.1034283,17.26184541,6.586777189,75.49101167,chickpea
52.0,68.0,78.0,17.48504075,16.96070581,6.89655198,86.05078037,chickpea
43.0,79.0,79.0,19.40751744,18.98030507,7.8067476560000015,80.25064637,chickpea
44.0,74.0,85.0,20.18649426,19.63719995,7.150681303,78.26039559,chickpea
24.0,55.0,78.0,17.30287885,15.15405941,6.64919573,75.57790384,chickpea
29.0,77.0,75.0,17.50361137,15.48083156,7.778591617999999,72.9446671,chickpea
20.0,60.0,78.0,18.17234999,14.70085967,6.358740355,90.7760707,chickpea
56.0,67.0,78.0,17.57445618,16.71826572,8.255450758,77.81891424,chickpea
37.0,66.0,85.0,20.93175255,18.91295403,6.456148474,78.06910795,chickpea
49.0,71.0,76.0,19.71098332,17.63879418,6.613072145,85.57925437,chickpea
59.0,69.0,80.0,19.07937684,17.86754927,8.165359297,69.40619137,chickpea
20.0,79.0,77.0,18.54988627,16.02542689,7.64867466,76.32565249,chickpea
24.0,56.0,85.0,18.19903647,17.41333199,6.545888558,80.6405403,chickpea
51.0,72.0,75.0,18.88852533,14.99451145,7.1042247970000005,80.11133840000002,chickpea
57.0,73.0,85.0,18.49311205,14.72115044,7.358099622,91.94595352,chickpea
22.0,64.0,82.0,19.48974337,17.17260319,6.4740245000000005,87.51312796,chickpea
52.0,73.0,79.0,17.25769499,18.74943955,7.840339388999999,94.00287214,chickpea
29.0,75.0,75.0,19.62416326,18.71483156,7.064790365,88.4585692,chickpea
44.0,59.0,78.0,20.67526473,19.85388984,7.599033472,84.78344008,chickpea
41.0,69.0,82.0,20.02381489,16.63294455,6.715587232000001,68.97806542,chickpea
52.0,56.0,85.0,20.118744600000007,14.44228303,6.81712422,88.68168643,chickpea
34.0,76.0,80.0,20.65691793,15.84572566,7.985417393,65.23811143,chickpea
42.0,74.0,83.0,19.2582557,14.2804191,7.545258424,65.78042032,chickpea
34.0,71.0,79.0,17.927806,15.85622899,7.728998197,74.63872762,chickpea
27.0,73.0,79.0,19.16288268,15.83500655,7.354973451,82.69766829,chickpea
30.0,70.0,79.0,20.26942271,19.96978871,7.313122235,69.64449182,chickpea
57.0,57.0,75.0,17.09104223,18.25142068,7.785039076,87.27444866,chickpea
27.0,79.0,82.0,17.06579293,17.54024066,6.307004922999999,70.87150577,chickpea
32.0,71.0,85.0,20.62767492,14.44008871,6.4039823160000005,92.06630306,chickpea
31.0,76.0,82.0,20.8248451,17.85057083,7.599279991,79.20509212,chickpea
33.0,75.0,84.0,19.46210401,18.72831993,7.217018459,68.81405149,chickpea
47.0,80.0,77.0,17.18248372,16.42891834,7.561108006,72.85017344,chickpea
54.0,62.0,80.0,17.48911699,16.39055394,7.489545074,79.45758333,chickpea
47.0,79.0,78.0,17.48395377,14.76014523,6.609696734,65.11365631,chickpea
35.0,57.0,83.0,19.48316794,17.44534641,7.476800943,80.4986291,chickpea
53.0,73.0,77.0,19.71359733,18.09665739,7.325451279,73.64476535,chickpea
45.0,61.0,78.0,19.48649305,16.06240074,6.489389282,81.52842690000001,chickpea
37.0,78.0,79.0,19.95264829,14.82633099,7.786366322,88.6810311,chickpea
30.0,75.0,81.0,19.41789736,16.80472243,6.4084378860000015,68.4951189,chickpea
37.0,55.0,82.0,19.45591848,18.02235902,8.423873703,78.44910564,chickpea
53.0,65.0,76.0,20.19137759,16.41998269,8.719960893,77.33795356,chickpea
22.0,60.0,85.0,18.8392908,14.74071856,7.811997977000001,94.78189594,chickpea
60.0,61.0,78.0,20.71219282,19.83643308,6.317153205,94.03659867,chickpea
42.0,67.0,77.0,18.99424448,15.9362937,7.114405288,78.69707199,chickpea
39.0,76.0,76.0,19.96837462,15.57324389,8.135900726000001,69.15759062,chickpea
35.0,63.0,76.0,17.81564548,17.60756635,7.714153037999999,90.82097601,chickpea
30.0,65.0,82.0,20.71424384,15.27824066,7.103798069,76.77888672,chickpea
57.0,56.0,78.0,17.34150229,18.75626255,8.861479668,67.9545435,chickpea
48.0,65.0,78.0,17.43732714,14.33847406,7.861128148,73.0926704,chickpea
36.0,56.0,83.0,18.89780215,19.76182946,7.4526709,69.09512477,chickpea
40.0,58.0,75.0,18.59190771,14.77959596,7.168096055,89.60982451,chickpea
49.0,69.0,82.0,18.31561493,15.36143547,7.26311855,81.78710463,chickpea
13.0,60.0,25.0,17.13692774,20.59541693,5.68597166,128.256862,kidneybeans
25.0,70.0,16.0,19.63474332,18.90705639,5.759237003,106.3598183,kidneybeans
31.0,55.0,22.0,22.91350245,21.33953114,5.873171894,109.225556,kidneybeans
40.0,64.0,16.0,16.43340342,24.24045875,5.926676985,140.3717815,kidneybeans
2.0,61.0,20.0,22.13974653,23.02251117,5.95561668,76.64128258,kidneybeans
26.0,65.0,22.0,17.84806561,18.77621951,5.9499490810000015,143.09841709999995,kidneybeans
17.0,57.0,21.0,19.88394011,20.31564139,5.789214288999999,60.91974792,kidneybeans
26.0,80.0,18.0,19.32509638,23.3334788,5.581021521,104.7783947,kidneybeans
17.0,59.0,17.0,18.416700100000003,23.42829938,5.689858133,132.9801054,kidneybeans
27.0,59.0,22.0,21.81167649,23.20591245,5.794158503999999,130.0608093,kidneybeans
28.0,58.0,24.0,19.72702528,18.28173015,5.748190462999999,143.7630894,kidneybeans
25.0,57.0,19.0,17.15432954,19.87070659,5.566522896,87.99669731,kidneybeans
28.0,80.0,17.0,19.62207826,18.67170854,5.809419584,144.1567454,kidneybeans
25.0,60.0,22.0,21.63149148,21.17919701,5.887263027,134.3649948,kidneybeans
12.0,78.0,23.0,16.06522754,18.72479695,5.99812453,88.06638775,kidneybeans
6.0,77.0,25.0,20.61162204,24.36314135,5.792744849,69.63833855,kidneybeans
22.0,79.0,17.0,21.42451099,20.39659714,5.912289889,116.5206923,kidneybeans
27.0,80.0,15.0,19.07096165,21.21092266,5.7883869510000014,86.21917578,kidneybeans
10.0,55.0,23.0,21.18853178,19.63438599,5.728233081,137.1948633,kidneybeans
23.0,65.0,20.0,23.0429097,22.42610972,5.833940084,108.3684316,kidneybeans
19.0,78.0,16.0,20.65375833,23.10538637,5.967533236,67.71768947,kidneybeans
19.0,65.0,25.0,18.09551014,18.29318436,5.6250964460000015,144.7902323,kidneybeans
22.0,70.0,19.0,18.23775702,21.07643273,5.515615023,69.44951585,kidneybeans
37.0,64.0,22.0,17.48189735,18.8251973,5.954665349,121.9401369,kidneybeans
11.0,71.0,17.0,19.9191786,21.47324158,5.74644777,82.68554379,kidneybeans
18.0,79.0,20.0,20.27514686,23.2353604,5.877347515,139.7521543,kidneybeans
21.0,63.0,17.0,15.77370214,19.2303162,5.979973965,108.3441414,kidneybeans
24.0,80.0,22.0,16.71170642,19.17651433,5.635993966,96.77285817,kidneybeans
34.0,60.0,22.0,17.66148158,18.15302753,5.635231778,100.6711761,kidneybeans
16.0,75.0,21.0,18.50692825,23.61670065,5.679224346,87.05132890000002,kidneybeans
17.0,77.0,23.0,24.51324787,20.81527638,5.670062975,64.19497947,kidneybeans
37.0,72.0,18.0,18.87614998,24.54038287,5.724242065,105.4120514,kidneybeans
40.0,73.0,20.0,21.59343016,20.31871249,5.811314232000001,61.13872036,kidneybeans
9.0,77.0,17.0,20.12373284,24.45202552,5.783425416,106.158201,kidneybeans
1.0,62.0,23.0,15.43546065,18.37477907,5.607808432000001,139.0302034,kidneybeans
33.0,59.0,22.0,22.64236876,21.59396123,5.946999529,122.3886015,kidneybeans
23.0,59.0,19.0,21.98560799,24.87304788,5.852046999,129.5650601,kidneybeans
6.0,62.0,22.0,20.53052663,18.09224048,5.824090984,120.4509288,kidneybeans
25.0,63.0,20.0,15.78601387,21.14544088,5.502999119,95.17028129,kidneybeans
7.0,79.0,23.0,19.6365349,19.68751084,5.821649914,96.65888933,kidneybeans
8.0,72.0,17.0,20.57341244,19.7520218,5.711439256,87.87869161,kidneybeans
27.0,64.0,15.0,20.16080524,24.84207559,5.514927264,138.2362122,kidneybeans
28.0,66.0,23.0,21.53989176,24.25386207,5.99616119,120.6913038,kidneybeans
32.0,57.0,18.0,15.53834801,23.75560241,5.695422862999999,107.3850593,kidneybeans
27.0,56.0,22.0,19.91853092,20.70099804,5.833010957999999,108.6434544,kidneybeans
17.0,77.0,24.0,20.76952209,18.93146941,5.568456899,109.0193712,kidneybeans
0.0,65.0,15.0,23.46168338,23.22197648,5.645435626,95.84253438,kidneybeans
13.0,72.0,21.0,24.32116642,21.0278674,5.821194486,60.27552528,kidneybeans
34.0,60.0,23.0,20.12574053,24.96969858,5.659254981,100.0497183,kidneybeans
9.0,80.0,19.0,21.80619564,18.57086554,5.945465949,125.0972687,kidneybeans
11.0,72.0,20.0,19.52226241,24.92607153,5.9511774520000005,113.334026,kidneybeans
3.0,67.0,24.0,17.00067625,19.90790546,5.520880013999999,103.2926407,kidneybeans
35.0,69.0,23.0,16.78791503,24.96881755,5.578410206,75.45328039,kidneybeans
3.0,77.0,25.0,24.84906168,22.89464642,5.608165195,62.21292186,kidneybeans
23.0,62.0,19.0,16.51783455,20.4555596,5.609435127999999,98.77794225,kidneybeans
22.0,71.0,17.0,18.15300153,19.38602098,5.509295379,107.6907964,kidneybeans
31.0,79.0,25.0,23.18864385,22.3104551,5.902033406,63.38208822,kidneybeans
34.0,59.0,18.0,23.38002569,21.98879437,5.744117663,87.66898664,kidneybeans
12.0,63.0,17.0,18.358923,19.37703396,5.717143397,138.414764,kidneybeans
27.0,56.0,20.0,19.25975367,20.51346956,5.542690119,94.9533526,kidneybeans
7.0,63.0,24.0,22.95458237,24.03553105,5.858617867,107.7315386,kidneybeans
24.0,67.0,22.0,20.120043,22.89845607,5.618844277000001,104.6252153,kidneybeans
11.0,71.0,24.0,21.14011423,22.7182355,5.6066203460000015,141.6056722,kidneybeans
37.0,74.0,15.0,24.92360104,18.22590825,5.582178402,62.7089169,kidneybeans
25.0,76.0,24.0,15.33042636,24.91506728,5.56503533,135.3315583,kidneybeans
34.0,66.0,17.0,18.81097271,21.27833035,5.889614577000001,125.084915,kidneybeans
20.0,69.0,15.0,23.44260668,22.77255917,5.934136378,107.4137246,kidneybeans
37.0,65.0,16.0,22.8352024,18.97267518,5.683548308,63.59276673,kidneybeans
18.0,74.0,15.0,24.9035819,22.27512704,5.70836603,146.4727237,kidneybeans
4.0,67.0,25.0,23.78709569,24.35679348,5.948164454,119.6404412,kidneybeans
37.0,56.0,25.0,22.05592283,19.60379304,5.774755143999999,126.7265372,kidneybeans
5.0,59.0,15.0,18.87492997,20.18238348,5.97229163,134.1811718,kidneybeans
11.0,61.0,21.0,18.62328774,23.02410338,5.532100554,135.33780330000002,kidneybeans
22.0,80.0,20.0,23.00884744,18.86880997,5.669560726,100.118612,kidneybeans
12.0,61.0,19.0,19.33162606,24.13995025,5.655726817000001,68.51253427,kidneybeans
5.0,74.0,21.0,16.24469193,21.35793891,5.591704013999999,66.97053257,kidneybeans
27.0,69.0,22.0,17.91652287,24.90814655,5.932323085,69.14681022,kidneybeans
31.0,75.0,18.0,15.46789263,21.43780702,5.824208308999999,88.88796102,kidneybeans
36.0,68.0,20.0,17.06104474,23.77201471,5.86442953,81.83420522,kidneybeans
5.0,65.0,16.0,21.32776028,18.48522915,5.866744372,109.1013261,kidneybeans
32.0,79.0,15.0,23.90910104,20.74619325,5.706198621,81.60211243,kidneybeans
11.0,78.0,22.0,23.89756791,22.74378977,5.940546818,112.6616435,kidneybeans
0.0,55.0,22.0,22.98666928,20.57940608,5.916779289,143.85849380000005,kidneybeans
14.0,59.0,15.0,21.35135729,22.91244883,5.779090476,146.4548645,kidneybeans
29.0,68.0,23.0,24.1638445,19.27907819,5.82738029,116.7324324,kidneybeans
32.0,68.0,19.0,24.62835037,18.18325169,5.514234138,149.7441028,kidneybeans
17.0,64.0,17.0,21.02213209,24.93896255,5.662699104,124.6118471,kidneybeans
13.0,69.0,19.0,17.30844532,20.01730914,5.86390397,115.199245,kidneybeans
14.0,67.0,22.0,23.82576704,24.75485098,5.624690247999999,84.64143632,kidneybeans
9.0,69.0,20.0,19.30607278,23.96362799,5.591560999,129.3449326,kidneybeans
20.0,73.0,22.0,16.03768615,22.33195853,5.976312537999999,130.3900798,kidneybeans
40.0,78.0,20.0,19.18572809,20.83398341,5.669236258,80.15293435,kidneybeans
27.0,72.0,23.0,19.92889503,21.79992115,5.961934481,64.02640797,kidneybeans
14.0,67.0,15.0,19.56376468,24.67385131,5.690065688,139.2921004,kidneybeans
7.0,56.0,18.0,18.31357543,24.32991649,5.698371311,76.14153904,kidneybeans
27.0,65.0,18.0,20.10993761,23.22323766,5.59503163,73.36386477,kidneybeans
30.0,63.0,16.0,23.60506572,21.90539577,5.5259045260000015,100.5978728,kidneybeans
37.0,70.0,25.0,19.73136909,24.89487354,5.819403771,84.06354115,kidneybeans
27.0,63.0,19.0,20.93409877,21.1893007,5.562201934,133.1914419,kidneybeans
22.0,60.0,24.0,18.78226261,20.24768314,5.630664753,104.2570723,kidneybeans
3.0,72.0,24.0,36.51268371,57.92887167,6.03160778,122.6539694,redgram
40.0,59.0,23.0,36.89163721,62.73178224,5.269084669,163.7266551,redgram
33.0,73.0,23.0,29.23540524,59.38967583,5.985792703,103.3301803,redgram
27.0,57.0,24.0,27.33534897,43.35795962,6.09186275,142.33036769999995,redgram
10.0,79.0,18.0,21.0643684,55.46985938,5.624731337999999,184.6226709,redgram
30.0,75.0,25.0,30.33276599,42.35249879,6.446091759,149.299952,redgram
40.0,70.0,20.0,31.80130272,45.03186173,5.623490042999999,147.03614419999997,redgram
38.0,55.0,19.0,33.18184225,38.23184742,5.864623352000001,198.8298806,redgram
35.0,58.0,20.0,29.38538562,63.47742011,5.761702519,90.05422663,redgram
38.0,61.0,21.0,30.27374995,67.38680755,4.696518678,127.7767134,redgram
33.0,58.0,24.0,35.45790488,68.75810535,5.269504214,108.6333046,redgram
16.0,56.0,17.0,33.80020039,40.03262418,7.445444882999999,176.6165894,redgram
31.0,72.0,17.0,28.69180475,49.47225353,5.833031707999999,96.36222901,redgram
16.0,80.0,20.0,31.24021696,56.67369054,7.3393209289999986,122.0146733,redgram
27.0,72.0,17.0,28.98039357,57.23265151,6.347929353,120.7435664,redgram
40.0,62.0,19.0,27.32198928,34.13737127,4.697750704,96.51524028,redgram
18.0,58.0,16.0,21.47607807,38.80023714,4.962661422,180.382234,redgram
3.0,68.0,16.0,18.31910448,34.69776639,4.964887857,107.4721605,redgram
26.0,67.0,24.0,36.97794384,37.73992903,5.642813116,161.48129630000005,redgram
16.0,70.0,20.0,24.80467592,40.1242747,5.6093956,121.5639121,redgram
24.0,63.0,19.0,19.3479443,55.96805489,4.681576043,194.5921148,redgram
9.0,76.0,25.0,28.88302142,50.12323801,5.70951224,179.2155874,redgram
16.0,55.0,19.0,19.54314136,47.19188279,6.413543781,192.4372194,redgram
28.0,75.0,21.0,24.7741949,50.54621094,6.007508163,114.2821387,redgram
16.0,71.0,24.0,18.33124824,38.40975482,4.946369874,139.64833169999997,redgram
24.0,70.0,21.0,19.14729038,45.3733757,5.517208078,132.7748215,redgram
38.0,72.0,21.0,28.23416057,49.4421345,5.902103172,186.5008581,redgram
9.0,66.0,21.0,30.11812084,34.13307843,5.719889876,157.0858232,redgram
34.0,56.0,17.0,33.4126864,35.42910045,4.548202098,139.6702541,redgram
1.0,76.0,19.0,24.18553163,46.68746847,6.6695294160000005,177.3377996,redgram
6.0,69.0,19.0,26.88630675,41.69617915,4.7509292180000005,94.46748008,redgram
26.0,73.0,21.0,31.33170829,57.97429171,4.946263888,161.7820226,redgram
27.0,61.0,18.0,33.30711818,67.07780816,5.266227032,108.5090168,redgram
27.0,71.0,23.0,23.45379018,46.48714759,7.10959773,150.87122019999995,redgram
36.0,61.0,21.0,34.53823889,39.04468913,5.617008201,168.5948318,redgram
17.0,73.0,18.0,19.50112224,34.51086611,5.632353113,197.3752649,redgram
26.0,72.0,22.0,28.76794904,37.57792132,4.674941549,91.72084869,redgram
17.0,64.0,16.0,30.97758716,32.24914235,7.161797643,180.716828,redgram
14.0,74.0,19.0,18.39759147,36.82639309,6.624966131,93.12330644,redgram
39.0,60.0,15.0,35.09357419,30.98685456,5.004074623999999,116.9106908,redgram
6.0,66.0,15.0,34.93174223,30.40046769,6.3458060110000005,159.2649827,redgram
8.0,59.0,18.0,29.50523036,35.72032498,6.216814453,187.8961851,redgram
2.0,67.0,18.0,34.51934775,47.52980027,5.921666758,129.0064612,redgram
1.0,76.0,17.0,28.43430726,52.10010827,6.012719118,147.0414824,redgram
16.0,73.0,19.0,18.41645629,34.80541039,4.684079249,163.27474730000003,redgram
23.0,75.0,25.0,31.07508973,47.19847683,7.077170002000001,91.31256412,redgram
32.0,70.0,20.0,20.89342749,46.24856523,6.208843215,195.5697875,redgram
28.0,59.0,22.0,30.90607799,52.79913039,7.05181629,170.99198280000005,redgram
5.0,62.0,23.0,27.9348279,66.45457122,4.722222454,145.3728801,redgram
36.0,67.0,25.0,35.95176642,36.52780776,6.418062652000001,136.0456753,redgram
1.0,66.0,23.0,19.54317155,56.92831399,4.803564468,173.1686574,redgram
24.0,73.0,20.0,19.63736208,32.31528909,4.608695247,176.4134092,redgram
17.0,67.0,18.0,31.2192752,56.46868874,5.611510977000001,129.20286529999998,redgram
5.0,55.0,18.0,33.50876355,45.70976142,7.322097972000001,126.6738117,redgram
5.0,56.0,24.0,24.80710166,45.01110015,5.023115055,188.4928637,redgram
37.0,77.0,17.0,36.20970524,31.94550613,5.617122801,191.0658531,redgram
13.0,73.0,20.0,30.50420876,35.48885969,5.391560417999999,162.59277230000004,redgram
6.0,63.0,23.0,26.01630259,49.94704718,5.906596905,160.33374469999995,redgram
16.0,77.0,22.0,31.48469278,35.6395615,6.574209678,100.546816,redgram
25.0,64.0,20.0,33.15122581,32.45974539,4.807776748999999,105.03802749999998,redgram
34.0,75.0,24.0,23.50222822,51.29019509,4.760038038999999,192.3023991,redgram
20.0,77.0,23.0,34.87248659,38.83786012,5.180271502,148.25027859999997,redgram
35.0,80.0,25.0,28.09269012,44.93322042,4.895927306,197.1144011,redgram
14.0,75.0,24.0,24.54757829,57.3414485,6.436160044,118.3606557,redgram
36.0,80.0,21.0,33.64769646,48.41490082,7.066087261,100.4673278,redgram
7.0,77.0,18.0,20.5591255,60.54880693,6.655918077999999,191.0895109,redgram
29.0,78.0,25.0,19.95991719,59.33157782,5.982854522999999,195.787103,redgram
30.0,60.0,21.0,28.87667593,62.4901206,5.457871272999999,182.2688175,redgram
20.0,74.0,16.0,36.04353699,43.61444121,4.759490199,159.8938645,redgram
19.0,57.0,23.0,23.6734328,47.2879691,7.342409555,141.12507219999995,redgram
3.0,60.0,19.0,25.74679443,40.7192594,4.820788186000001,100.7791633,redgram
5.0,77.0,19.0,31.08564994,66.68832981,6.242052013,175.9303271,redgram
5.0,68.0,20.0,18.72987676,61.33186249,5.001038726,139.8710041,redgram
37.0,73.0,21.0,29.50304807,63.46513414,5.560224582999999,189.5208915,redgram
9.0,59.0,24.0,20.43517772,39.37252634,4.747352458,137.22796619999997,redgram
20.0,72.0,15.0,36.00415838,56.01334416,7.313517308,134.8596466,redgram
31.0,56.0,23.0,31.46846241,35.39454002,5.661826398,174.5723999,redgram
0.0,70.0,21.0,36.30049702,56.03021253,4.672437054,101.6073988,redgram
21.0,74.0,15.0,29.49096726,67.10604388,6.471862118,153.2504506,redgram
13.0,67.0,18.0,30.5753044,34.75591197,5.384762927000001,177.5764304,redgram
27.0,74.0,20.0,24.69487673,59.96669215,5.8598134160000015,91.95792434,redgram
29.0,72.0,24.0,23.17409556,36.67847052,6.962386495,162.5931264,redgram
5.0,68.0,20.0,19.04380471,33.10695144,6.12166671,155.3705624,redgram
39.0,57.0,19.0,29.32379604,45.93248374,6.421748487,165.4113371,redgram
22.0,62.0,16.0,34.6455408,54.32342534,4.828936119,180.9009998,redgram
18.0,55.0,23.0,21.9989826,56.31006755,6.98571967,136.82743119999998,redgram
39.0,77.0,21.0,22.99774444,60.24218572,4.603563116,159.689339,redgram
13.0,75.0,20.0,30.55992394,35.29006485,6.979540061,178.8998611,redgram
27.0,71.0,24.0,31.46417866,48.17631461,7.064973419,165.40535400000005,redgram
26.0,64.0,22.0,25.95058595,40.58227261,5.16516459,109.1821183,redgram
23.0,55.0,16.0,21.01142393,69.69141302,5.111488821,185.2039114,redgram
4.0,69.0,19.0,19.25100056,47.70351758,5.374358869,149.063196,redgram
20.0,67.0,19.0,19.24462755,50.54495302,5.671419084,180.6465282,redgram
7.0,74.0,17.0,22.47253208,62.56532471,5.667419697000001,96.74706956,redgram
17.0,64.0,18.0,36.75087487,58.25799145,6.07938452,124.6028153,redgram
35.0,71.0,17.0,29.89286629,66.35375127,6.931924962999999,198.1403003,redgram
11.0,72.0,22.0,29.37735586,44.82294584,6.842744374,172.40168,redgram
20.0,60.0,22.0,29.65052947,42.89833235,6.876572502999999,186.9226052,redgram
10.0,71.0,18.0,19.54284889,66.34777265,6.151029296,173.11069819999997,redgram
33.0,61.0,24.0,20.04611791,48.93905624,4.567446499,122.4564203,redgram
3.0,49.0,18.0,27.91095209,64.70930606,3.692863601,32.67891866,mothbeans
22.0,59.0,23.0,27.32220619,51.27868781,4.371745575,36.5037914,mothbeans
36.0,58.0,25.0,28.66024187,59.3189118,8.399135957999999,36.92629678,mothbeans
4.0,43.0,18.0,29.02955344,61.09387478,8.840656256,72.98016599,mothbeans
29.0,54.0,16.0,27.78031515,54.65030015,8.153022903,32.05025323,mothbeans
32.0,43.0,22.0,31.99928579,54.1077461,5.270749441,71.6266696,mothbeans
14.0,55.0,15.0,27.33580911,55.27755933,8.050304395,73.44775287,mothbeans
5.0,35.0,20.0,28.92952635,53.57014709,9.679240873,66.35634104,mothbeans
25.0,57.0,24.0,27.65472156,58.59986279,6.974978386,36.94255012,mothbeans
11.0,53.0,24.0,28.52396666,55.77264351,7.39389918,61.32935611,mothbeans
40.0,49.0,17.0,31.02215872,45.89239456,6.68727523,53.56783314,mothbeans
38.0,56.0,25.0,25.74095321,45.38497051,7.88118645,67.43488235,mothbeans
27.0,43.0,23.0,31.70447482,56.85420099,5.875333778,44.94317432,mothbeans
24.0,38.0,22.0,24.47876451,58.51663927,8.202706015,34.96933295,mothbeans
23.0,45.0,21.0,31.46511256,51.79939437,8.985348193,74.44330654,mothbeans
29.0,57.0,20.0,25.60973447,50.7330069,5.87707519,53.39249517,mothbeans
31.0,35.0,23.0,30.30260453,47.18283631,7.707595055,68.04039813,mothbeans
0.0,55.0,25.0,28.17489437,43.6672299,4.524171562,45.78172762,mothbeans
7.0,45.0,22.0,25.50634557,44.8302551,9.926212291,74.32635105,mothbeans
17.0,58.0,25.0,31.12896766,43.58788762,6.455592696,32.76742894,mothbeans
11.0,44.0,17.0,26.34043268,55.59160391,8.016210782,35.1051197,mothbeans
22.0,49.0,22.0,28.23494706,61.5620517,3.71105919,72.66666443,mothbeans
9.0,51.0,19.0,27.04453473,49.32609633,5.49091063,48.25207759,mothbeans
28.0,48.0,15.0,25.16125354,55.25435777,9.254089438,40.89732789,mothbeans
26.0,50.0,19.0,27.3179125,51.66921088,6.005242945,32.55919573,mothbeans
36.0,56.0,20.0,25.4123765,49.66474269,7.437078236,31.87416982,mothbeans
8.0,60.0,18.0,31.21629982,46.01868196,3.808429173,53.1205277,mothbeans
24.0,37.0,21.0,30.573999,58.22686794,5.818219385,62.74803826,mothbeans
22.0,43.0,24.0,25.42517036,53.22082660000001,4.52363558,46.19374559,mothbeans
36.0,43.0,24.0,27.09400578,43.65305437,3.510404312,41.53749535,mothbeans
22.0,44.0,24.0,24.30935081,56.32938343,6.030447288,58.99536268,mothbeans
17.0,43.0,22.0,30.06142622,45.90067655,5.498340807999999,41.0550915,mothbeans
8.0,45.0,15.0,28.09568993,60.98353839999999,4.61136408,33.84110759,mothbeans
7.0,56.0,23.0,26.33908791,40.00933429,5.545219232000001,55.50429227,mothbeans
36.0,57.0,16.0,28.61409059,57.14218792,8.292875733999999,57.02891698,mothbeans
11.0,45.0,19.0,28.70012137,44.359648,3.828031463,44.11622138,mothbeans
6.0,36.0,22.0,24.21610338,59.79236306,8.869532817,42.24783476,mothbeans
17.0,57.0,20.0,28.50677929,45.20094476,3.793575185,66.1761456,mothbeans
4.0,47.0,20.0,25.97948991,64.95585424,4.193189124,72.19245835,mothbeans
9.0,49.0,16.0,30.88482722,41.36561835,7.661537347999999,55.053805,mothbeans
25.0,51.0,24.0,25.5042419,61.66852372,9.392694614,65.07981523,mothbeans
36.0,44.0,21.0,25.12528913,51.33189406,4.516154055,38.48678973,mothbeans
21.0,38.0,20.0,27.10508014,63.56791363,5.794289715,62.20279647,mothbeans
37.0,57.0,20.0,31.1006247,44.82069159,7.354286985,70.79934452,mothbeans
32.0,48.0,18.0,26.45707778,56.40226277,5.993513566,64.16167699,mothbeans
29.0,44.0,20.0,30.04132304,63.56222995,8.620107545,31.83192392,mothbeans
25.0,51.0,18.0,27.77799528,54.82130787,9.45949344,50.28438729,mothbeans
10.0,44.0,24.0,30.99256944,43.02151392,8.0344125,58.27600682,mothbeans
23.0,35.0,18.0,26.4908332,47.36534833,5.414492777,36.99362831,mothbeans
9.0,60.0,23.0,31.96987867,57.17377029,6.2760043360000015,64.25520357,mothbeans
3.0,58.0,21.0,25.36140526,46.82652785,9.160691747,55.60523179,mothbeans
22.0,42.0,22.0,25.54249137,56.96640758,7.887658711,48.46797044,mothbeans
12.0,39.0,21.0,28.99319096,62.85948245,8.183844843,70.4713043,mothbeans
39.0,36.0,22.0,29.34317422,60.50320928,9.072011412,34.03335472,mothbeans
32.0,41.0,16.0,28.63618921,61.39451307,7.702287236,68.54877876,mothbeans
30.0,41.0,15.0,24.83206631,44.17085032,5.88509677,52.0810886,mothbeans
19.0,36.0,22.0,25.44689075,58.55363573,6.16496284,57.04826619,mothbeans
4.0,46.0,15.0,31.01274943,62.40392519,3.504752314,63.77192383,mothbeans
21.0,39.0,20.0,27.06179658,52.3003173,7.388007482999999,60.74583498,mothbeans
35.0,57.0,25.0,27.0956288,42.26206161,8.340398059,71.12710390000002,mothbeans
22.0,55.0,24.0,28.56800579,57.30636014,8.66077954,64.53027638,mothbeans
35.0,51.0,17.0,28.79929247,49.84213387,3.558822825,40.85534718,mothbeans
17.0,56.0,17.0,27.94293692,45.41393636,5.9565851,69.66289997,mothbeans
28.0,57.0,17.0,30.47757686,61.58245338,9.416003106,61.86633917,mothbeans
22.0,36.0,16.0,30.58139475,50.77148138,8.18422855,64.58559639,mothbeans
11.0,41.0,19.0,26.85911286,41.81420849,5.131779302,44.13827124,mothbeans
38.0,38.0,18.0,26.31051759,61.18749126,6.294130312999999,35.73403813,mothbeans
23.0,37.0,24.0,28.77833449,44.2252605,7.991902443,33.95825723,mothbeans
25.0,35.0,20.0,28.90245417,43.35365671,8.923095695,71.90018566,mothbeans
40.0,45.0,20.0,29.37687468,57.69622912,6.878498176,38.34303462,mothbeans
23.0,58.0,19.0,24.17093241,58.25204566,5.243634848999999,59.18953429,mothbeans
2.0,56.0,23.0,26.65333029,59.79023382,7.550090941,36.91852635,mothbeans
3.0,56.0,17.0,28.19912143,53.50567601,8.709291687999999,52.13580529,mothbeans
26.0,51.0,25.0,28.76488954,52.62741529,7.792508067999999,55.21606732,mothbeans
39.0,42.0,20.0,29.3499706,61.25353851,8.055908857999999,40.82840673,mothbeans
27.0,59.0,20.0,28.00937423,52.60950014,4.397698806,36.01203025,mothbeans
24.0,45.0,19.0,26.85851927,48.8246387,5.9523849570000005,34.7426459,mothbeans
7.0,40.0,17.0,31.2123945,40.92604945,8.532078732999999,53.78769958,mothbeans
15.0,45.0,23.0,24.20422636,61.43378674,7.224193642,46.0203959,mothbeans
26.0,52.0,23.0,29.98835437,49.60384796,4.931890506,52.92929636,mothbeans
20.0,45.0,16.0,29.93964907,54.61813464,4.626212446,45.43669946,mothbeans
34.0,54.0,24.0,31.2119298,41.55934359,5.026003659,68.80141783,mothbeans
19.0,51.0,25.0,26.80474415,48.23991436,3.5253661,43.87801983,mothbeans
29.0,41.0,21.0,31.49398069,62.84916863,8.86979671,64.56807592,mothbeans
20.0,50.0,22.0,30.99694676,46.42693735,9.406887533,38.31597852,mothbeans
11.0,40.0,23.0,29.61253065,63.04749127,5.80428611,50.1978269,mothbeans
15.0,54.0,15.0,29.97604322,57.03184356,8.35495812,44.86052932,mothbeans
35.0,55.0,22.0,30.88883074,52.62696801,8.634929739,55.51932414,mothbeans
9.0,59.0,25.0,30.39321309,60.16299493,7.699200949,35.37493212,mothbeans
40.0,45.0,18.0,30.43683729,55.20522037,5.261285926,30.92014047,mothbeans
35.0,38.0,19.0,25.32688786,63.18180319,9.112771682,32.71129281,mothbeans
14.0,58.0,17.0,30.53684308,59.96664731,4.605700542,33.48919022,mothbeans
40.0,55.0,18.0,30.38257873,40.5926071,7.115994051,47.95406479,mothbeans
18.0,36.0,23.0,24.01825377,53.76623369,7.214078621,35.03404425,mothbeans
35.0,52.0,15.0,28.69841277,61.14754363,9.93509073,65.67591794,mothbeans
4.0,59.0,22.0,29.33743412,49.00323081,8.914074888,42.44054315,mothbeans
22.0,51.0,16.0,27.96583691,61.34900107,8.639586199,70.10472076,mothbeans
33.0,47.0,17.0,24.86803974,48.27531965,8.621514073,63.9187654,mothbeans
2.0,51.0,17.0,25.87682261,45.96341933,5.838508699,38.53254678,mothbeans
16.0,51.0,21.0,31.01963639,49.97675220000001,3.532008668,32.81296548,mothbeans
19.0,55.0,20.0,27.43329405,87.80507732,7.18530147,54.73367631,greengram
8.0,54.0,20.0,28.3340432,80.77275974,7.034214276,38.7976407,greengram
36.0,55.0,20.0,27.01470397,84.34262707,6.635968697999999,55.296354,greengram
10.0,56.0,16.0,28.17432665,81.04554836,6.828187498999998,36.35720652,greengram
22.0,56.0,17.0,29.87888063,87.32761241,6.89077995,44.75215854,greengram
9.0,57.0,24.0,29.89232778,89.71503316,7.165121108999998,42.99498978,greengram
34.0,59.0,23.0,28.56212158,83.24855855,6.935804256,56.48265193,greengram
31.0,51.0,25.0,27.53592929,85.57019009999998,7.196774236,53.01899249,greengram
0.0,49.0,18.0,29.68361658,87.93598094,6.990095452,41.82490236,greengram
21.0,39.0,20.0,28.14448546,82.1193047,7.064782137999999,46.75690086,greengram
28.0,35.0,22.0,29.53037621,86.73346018,7.156563094,59.87232071,greengram
17.0,52.0,17.0,27.88352946,86.45147631,6.364967184,44.64407105,greengram
24.0,42.0,23.0,28.22471276,82.35916228,6.428054409,44.01206619,greengram
28.0,46.0,16.0,29.008124,84.96089355,6.664187809,45.91011391,greengram
21.0,38.0,21.0,29.75538903,86.45193297,6.637677489,37.54602719,greengram
34.0,60.0,25.0,29.78416743,85.16906976,6.79385576,40.77872823,greengram
19.0,53.0,22.0,27.8640132,80.4513142,6.852884642999999,42.83053902,greengram
31.0,58.0,15.0,27.11026483,84.96771717,7.121571293,51.52617423,greengram
19.0,35.0,24.0,27.11030369,83.64274107,6.883308033,49.11964582,greengram
24.0,53.0,17.0,28.95451232,89.07866095,6.421271178,57.65901369,greengram
13.0,47.0,20.0,29.21780035,87.93724219,6.54450214,43.1386631,greengram
31.0,53.0,16.0,28.7420098,85.81675947,6.452006451,48.54598575,greengram
28.0,45.0,23.0,29.65021184,80.29868321,6.489259136,56.76278363,greengram
31.0,37.0,21.0,27.23924995,86.404241,6.713410626,37.31236904,greengram
33.0,60.0,15.0,28.95172351,81.67085323,6.510840928,56.51103293,greengram
34.0,45.0,21.0,28.18837136,82.60629652,6.2873801170000005,37.01110438,greengram
13.0,57.0,25.0,28.30041493,86.20681554,6.86308576,50.47333854,greengram
33.0,57.0,17.0,27.89636126,88.71782287,6.78415271,57.79863368,greengram
32.0,57.0,22.0,28.6899851,87.50436797,6.769415887999999,44.56598352,greengram
23.0,59.0,25.0,27.826262300000003,88.73100226,6.320768488,56.68833819,greengram
35.0,41.0,18.0,28.70562673,81.59200689,6.705008503999999,59.87065439,greengram
6.0,48.0,24.0,28.6362812,84.61431076,6.790736339,48.48319335,greengram
29.0,36.0,25.0,28.28511547,88.4393979,7.130278657000001,48.56690235,greengram
4.0,36.0,22.0,27.60887393,86.13316408,7.012740397000001,43.80041104,greengram
10.0,59.0,22.0,28.60901145,86.99495766,7.1556850160000005,36.94616965,greengram
14.0,48.0,21.0,29.24598976,84.80084105,6.991242362,53.43228915,greengram
8.0,50.0,21.0,28.62911222,89.11480590000002,6.218923893,50.49913241,greengram
20.0,40.0,15.0,29.57329479,88.07505524,7.199495367999999,45.04467075,greengram
36.0,43.0,22.0,27.82684262,87.16679147,6.3898821660000005,58.37249772,greengram
14.0,57.0,15.0,29.8757015,83.14796296,6.623438282,40.12044158,greengram
11.0,60.0,23.0,27.33684386,88.50229102,7.033012777000001,51.09802625,greengram
10.0,59.0,15.0,29.83040388,89.30428305,6.32400451,58.86687093,greengram
7.0,60.0,25.0,28.2753171,82.76020821,6.397636709,56.04995423,greengram
2.0,47.0,15.0,29.86860065,85.99127934,6.401455706,58.41394143,greengram
20.0,45.0,22.0,29.5888162,89.9939693,6.904587016,54.96121262,greengram
2.0,39.0,15.0,28.07219563,82.9116472,6.478557136,49.61865305,greengram
27.0,40.0,24.0,27.84026517,89.99615558,7.063022095,52.84626009,greengram
35.0,48.0,15.0,27.10818093,87.45126690000002,6.981758362000001,55.03723979,greengram
4.0,59.0,25.0,27.68515114,81.94268594,6.227134139,54.62243308,greengram
1.0,48.0,24.0,29.34594634,85.60472562,6.232836962,59.03629954,greengram
36.0,43.0,21.0,28.36319404,84.8593608,7.140437859,52.93031105,greengram
11.0,46.0,24.0,27.65280218,89.80650642,6.459252023,56.52558045,greengram
34.0,47.0,19.0,27.31372793,85.44815232,6.568795403999999,53.15223123,greengram
21.0,44.0,18.0,27.06909959,86.89934108,7.12851089,50.46746116,greengram
17.0,58.0,20.0,28.06642822,85.91625451,6.42937879,39.23831035,greengram
25.0,40.0,21.0,27.73329078,81.13903037,6.248900919,44.17580911,greengram
2.0,38.0,18.0,27.53632932,89.92908171,6.619891497999999,45.48591922,greengram
9.0,48.0,20.0,29.66461594,84.28187572,6.377568542000001,56.09542002,greengram
37.0,49.0,25.0,29.914544300000006,85.85384444,6.415459592,41.39081525,greengram
36.0,38.0,15.0,28.36363858,87.59810657,6.3206620120000006,57.99524359,greengram
40.0,58.0,15.0,29.46416042,87.60890009,6.978400282000001,43.15411472,greengram
30.0,44.0,16.0,29.73013036,82.89166381,6.442335592999999,50.91511275,greengram
1.0,59.0,23.0,27.46852989,87.17649,7.184398832,43.78420984,greengram
9.0,48.0,22.0,27.77076285,87.09979549,6.402926221,49.50812624,greengram
14.0,41.0,17.0,29.12939524,88.48312598,7.085982325,36.45012824,greengram
35.0,52.0,19.0,27.10606808,89.89593328,6.698574085,37.45680611,greengram
31.0,48.0,17.0,28.88078945,86.94206817,6.594739424,53.79732545,greengram
4.0,41.0,20.0,28.14720892,83.8001509,6.647965508,37.44800463,greengram
30.0,37.0,25.0,29.89129144,80.14487166,7.120032489,54.7960127,greengram
9.0,35.0,20.0,27.41503453,80.98004661,6.91380932,40.53173216,greengram
20.0,41.0,20.0,29.27308605,89.4875022,7.073048264,50.9246554,greengram
37.0,50.0,23.0,29.65296893,88.48587386,6.5304707,56.01913159,greengram
34.0,35.0,21.0,28.44524991,82.67639542,6.684381357,58.18713162,greengram
14.0,37.0,15.0,27.96235681,83.97586797,6.581351374,48.9366954,greengram
23.0,39.0,22.0,29.25649321,81.97952224,6.86483915,42.02483277,greengram
5.0,45.0,21.0,28.36291385,88.00989267,6.487124217000001,43.05130077,greengram
22.0,37.0,20.0,27.62749466,86.49366929,6.605733067999999,39.26137642,greengram
40.0,51.0,17.0,28.66086349,86.12194568,6.860602782000001,50.01534317,greengram
27.0,56.0,20.0,29.2114218,87.11497805,6.41874299,51.53848218,greengram
31.0,40.0,22.0,29.40889385,86.16063492,6.365513634,53.35486977,greengram
38.0,36.0,21.0,28.02952623,84.8845732,6.5563729660000005,36.12042927,greengram
6.0,37.0,17.0,28.08657178,80.35005927,6.760694227999999,38.14476781,greengram
6.0,47.0,18.0,29.16174608,80.28038146,6.715276662999999,40.16545979,greengram
24.0,44.0,17.0,29.8596912,80.03499648,6.666380512000001,50.66487502,greengram
25.0,59.0,19.0,29.06631494,83.6869203,6.626629798,43.95183726,greengram
32.0,56.0,21.0,27.38538997,88.66663953,6.702772465,58.29933073,greengram
8.0,45.0,18.0,27.93034941,85.42058715,7.011030515,43.25095608,greengram
19.0,39.0,17.0,29.2808618,81.8009244,6.890156495,44.47427436,greengram
39.0,37.0,15.0,28.9973145,83.78911515,6.821747052,59.84499208,greengram
33.0,37.0,19.0,27.92678579,86.5543196,7.183189922,43.4826194,greengram
26.0,54.0,17.0,28.5474135,88.9570454,6.27258822,49.4897245,greengram
21.0,51.0,15.0,29.36488409,89.1886954,6.679127482,48.30159325,greengram
22.0,54.0,20.0,28.56149805,83.63802195,6.689825155,41.013132,greengram
29.0,45.0,16.0,28.43683487,87.91332682,6.583381939,43.12063289,greengram
4.0,40.0,21.0,28.79728147,80.45744422,6.725551062,44.30070517,greengram
10.0,37.0,22.0,28.7275267,89.12760359,7.069747813999999,58.52974279,greengram
4.0,44.0,19.0,27.95639663,83.52706038,6.921993877999999,43.25726752,greengram
20.0,45.0,17.0,28.17458662,83.69659318,6.770955317,37.2464655,greengram
23.0,45.0,23.0,28.77653519,86.69133979,6.983130466,56.12443206,greengram
25.0,48.0,21.0,28.438097,83.48991368,6.267684328,52.55469976,greengram
56.0,79.0,15.0,29.48439992,63.19915325,7.454532137,71.89090748,blackgram
25.0,62.0,21.0,26.73433965,68.13999721,7.040056094,67.15096376,blackgram
42.0,61.0,22.0,26.27274407,62.28814857,7.418650668,70.23207557,blackgram
42.0,73.0,25.0,34.03679184,67.21113844,6.501869314,73.23573601,blackgram
44.0,58.0,18.0,28.03644051,65.06601664,6.814410927999999,72.49507741,blackgram
50.0,55.0,16.0,28.81460716,65.33538112,7.581442888,62.26242533,blackgram
35.0,72.0,21.0,34.03619494,64.28791388,7.741418772,66.85510868,blackgram
30.0,64.0,20.0,33.8642935,61.57072498,6.573531614,68.02199825,blackgram
27.0,64.0,21.0,32.84213012,68.68401492,7.543804222999999,73.67166182,blackgram
50.0,74.0,17.0,27.10053268,63.36085585,6.5408208,73.84949872,blackgram
39.0,73.0,24.0,25.65842532,61.18235808,7.22405917,69.28607828,blackgram
57.0,67.0,25.0,32.34744009,66.61452812,7.551364319,64.55882254,blackgram
52.0,63.0,19.0,29.58949031,68.32176769,6.928898659,67.53021213,blackgram
55.0,66.0,22.0,30.91219459,68.79427388,7.747775262999999,66.63830637,blackgram
51.0,56.0,18.0,28.12787838,64.2097765,6.706505915,70.86340755,blackgram
36.0,66.0,15.0,30.08545364,69.34811988,6.668238556,67.1367443,blackgram
59.0,55.0,19.0,31.74379487,62.51007687,7.332375138,68.97097538,blackgram
50.0,58.0,23.0,27.81326852,62.50460464,7.596802025,69.75555541,blackgram
30.0,65.0,25.0,32.88733849,64.59457409,7.70650895,71.50569456,blackgram
20.0,62.0,18.0,29.36358721,64.98742947,7.366542647,61.91208707,blackgram
58.0,71.0,15.0,27.82592799,67.58618829999999,6.919243702,74.01229707,blackgram
25.0,71.0,24.0,28.49538735,60.44848407,7.187721817999999,74.91559514,blackgram
52.0,71.0,16.0,27.74274761,68.53997144,7.0758864720000005,71.78615328,blackgram
40.0,63.0,18.0,30.41588462,67.66323804,6.74441168,63.02473185,blackgram
20.0,60.0,25.0,27.3254209,69.09047809,6.726469087999999,61.19250859,blackgram
48.0,61.0,21.0,30.28496619,61.69295127,6.628264883,65.62859526,blackgram
49.0,68.0,22.0,28.56840626,61.53278622,7.127064207,63.49726331,blackgram
48.0,62.0,15.0,25.36586097,66.6379724,7.538631462000001,65.81655892,blackgram
32.0,66.0,17.0,34.9466155,65.26774011,7.162357641,70.1415139,blackgram
21.0,63.0,22.0,25.09737391,67.72837887,6.859409487000001,74.61649888,blackgram
20.0,72.0,19.0,32.47648301,64.34848735,7.397190844,65.82045699999999,blackgram
25.0,65.0,21.0,33.86351172,68.59232289,6.880245789,69.24464096,blackgram
41.0,78.0,21.0,25.19857725,60.37332688,6.581313137,70.88787207,blackgram
53.0,67.0,17.0,31.77681682,69.01852894,7.296972161,61.46892873,blackgram
39.0,60.0,21.0,34.89814946,63.59948557,6.97297656,64.72797143,blackgram
25.0,76.0,17.0,31.74105409,68.63525428,7.241148507,62.3061735,blackgram
21.0,78.0,19.0,27.16159076,66.76017239,6.92009048,69.85112265,blackgram
57.0,60.0,17.0,26.23773129,67.88521396,7.504608385,73.58663968,blackgram
56.0,75.0,15.0,30.20157245,60.06534859,7.152272256,66.37171179,blackgram
49.0,72.0,15.0,31.55846339,67.83563765,7.137004749,74.86960831,blackgram
24.0,80.0,19.0,29.67892453,69.0854554,6.8080417220000005,65.66436565,blackgram
49.0,76.0,18.0,27.05365239,67.7017527,7.393631868,60.4693835,blackgram
28.0,68.0,19.0,34.63880966,61.38597868,7.69950698,72.43169115,blackgram
55.0,78.0,21.0,33.39438752,62.93692886,6.602888248999999,63.57445989,blackgram
50.0,64.0,25.0,28.84079155,63.37230676,6.734447425,70.25496749,blackgram
34.0,80.0,19.0,31.49338309,63.0563645,6.521217963,71.48327008,blackgram
20.0,68.0,23.0,25.54960633,63.95425534,7.707332484,63.1830529,blackgram
55.0,67.0,16.0,34.37329112,69.69366426,6.596719015,70.27184748,blackgram
23.0,70.0,15.0,34.600824700000004,63.11296779,7.403623355,60.41790253,blackgram
53.0,74.0,15.0,29.43463808,64.94329356,7.517097,72.17818157,blackgram
26.0,67.0,16.0,29.10713092,67.90577375,7.17620823,67.83345933,blackgram
33.0,80.0,22.0,28.57006111,65.71765781,6.593961761,70.0866434,blackgram
37.0,79.0,19.0,27.54384835,69.3478631,7.143942758,69.40878198,blackgram
33.0,75.0,21.0,33.04687968,68.93875631,6.690655045,62.30278274,blackgram
22.0,55.0,20.0,33.95309131,69.96100028,7.423530351,61.16350463,blackgram
20.0,68.0,17.0,30.11873003,60.11680815,6.578714842999999,71.72980375,blackgram
43.0,68.0,20.0,29.57812712,66.17587668,7.497469256,69.43895491,blackgram
44.0,76.0,22.0,27.26458947,68.01232937,7.775306272000001,68.91754359,blackgram
34.0,60.0,16.0,31.35730791,64.24992106,7.322555222999999,63.85668948,blackgram
21.0,72.0,17.0,31.52104732,66.55723677,7.580527339,61.71111448,blackgram
25.0,68.0,19.0,29.39982732,64.25510719,7.1084501210000015,67.47677295,blackgram
41.0,62.0,15.0,29.38400259,64.14928485,7.358974541,65.24194361,blackgram
28.0,65.0,23.0,28.38686534,61.88871127,7.405176138,74.24459122,blackgram
35.0,64.0,15.0,28.47442276,63.53604453,6.500144962,69.5274407,blackgram
52.0,58.0,16.0,30.64095781,61.14508627,7.167435834,71.36947525,blackgram
58.0,75.0,25.0,25.25596239,61.36669662,7.261791753,68.64685069,blackgram
34.0,66.0,19.0,32.97030511,60.18122078,7.586642101,73.44678678,blackgram
52.0,70.0,16.0,33.66855394,66.60416867,7.534811832999999,67.32520551,blackgram
23.0,57.0,19.0,32.83963757,67.99803573,7.251000789,73.40452716,blackgram
42.0,58.0,25.0,27.45853567,62.90020977,6.513620917999999,69.46020927,blackgram
37.0,62.0,17.0,25.68576704,69.84354028,7.121254928,74.62068748,blackgram
44.0,75.0,22.0,30.0328403,64.14800537,7.574561547,71.21006868,blackgram
21.0,80.0,20.0,28.20667264,68.27085245,7.350869792,64.32887142,blackgram
56.0,76.0,16.0,28.27265858,61.18956161,7.5131510760000015,63.29900785,blackgram
29.0,76.0,15.0,28.541723600000005,64.2020154,7.0256077060000015,69.68862306,blackgram
43.0,61.0,20.0,26.87187036,61.61367264,6.804253866,63.51822045,blackgram
55.0,60.0,15.0,32.79766751,68.77994074,7.163043872,64.11411069,blackgram
44.0,63.0,15.0,26.42333018,64.51136845,7.338929556,63.46546487,blackgram
29.0,67.0,21.0,29.79181107,63.38789228,6.621323612,63.02169909,blackgram
47.0,63.0,16.0,27.44003279,67.10464369,6.661870999,72.50669768,blackgram
40.0,68.0,17.0,34.1262979,65.14877461,7.733149554,70.40795007,blackgram
58.0,61.0,15.0,30.94908189,64.23364112,7.402891666,62.78730907,blackgram
41.0,74.0,18.0,28.75751783,61.02701476,6.599147297999999,73.37686831,blackgram
58.0,79.0,17.0,27.24766491,66.10123083,7.04174124,62.31842057,blackgram
27.0,62.0,24.0,28.63005477,66.770943,7.353876754,62.2737345,blackgram
27.0,60.0,17.0,26.41768321,63.64698302,7.026795358999999,64.42177127,blackgram
52.0,65.0,20.0,32.81705216,66.15665137,6.814301033,68.83924882,blackgram
44.0,55.0,25.0,29.6321052,65.91359954,7.42160832,71.16331975,blackgram
21.0,62.0,24.0,33.49077065,62.73317204,6.8473828910000005,65.45328463,blackgram
60.0,59.0,22.0,31.86847286,66.74217464,7.191522601,74.22238583,blackgram
33.0,77.0,21.0,30.32992227,65.62971858,7.01285529,71.64631281,blackgram
59.0,58.0,17.0,28.546224,66.31394098,7.368318809,62.83469851,blackgram
29.0,63.0,17.0,30.02629908,67.88811637,7.26154329,66.47264636,blackgram
59.0,63.0,18.0,31.65531175,60.13263713,6.52669158,66.69096751,blackgram
29.0,70.0,15.0,30.33499674,63.54718862,6.872594461,74.16699119,blackgram
58.0,73.0,16.0,33.36984395,65.67718163,6.874142175,64.89517488,blackgram
55.0,77.0,22.0,31.4345059,62.99303471,7.76061831,64.77651469,blackgram
42.0,79.0,23.0,27.71678273,63.29103387,6.781841984,68.56507978,blackgram
44.0,77.0,21.0,32.63918668,61.3009051,7.326980454,61.83876146,blackgram
38.0,62.0,25.0,32.7477393,67.77954584,7.453975408,63.37784443,blackgram
32.0,76.0,15.0,28.05153602,63.49802189,7.604110177000001,43.35795377,lentil
13.0,61.0,22.0,19.44084326,63.27771461,7.728832424,46.83130119,lentil
38.0,60.0,20.0,29.84823072,60.63872613,7.491217102,46.80452595,lentil
11.0,74.0,17.0,21.36383757,69.92375891,6.633864582,46.6352865,lentil
37.0,71.0,16.0,26.28663931,68.51966729,7.324863481,46.13833007,lentil
29.0,71.0,18.0,22.17499963,62.13873825,6.410441476,53.46622584,lentil
2.0,72.0,18.0,26.57597546,60.97876599,7.836719564,50.89110726,lentil
6.0,59.0,21.0,26.58972517,66.14007674,6.139215944,50.90994463,lentil
13.0,64.0,20.0,19.1345771,62.57526895,6.590571088,36.46946971,lentil
8.0,58.0,17.0,28.75273118,69.15640149,7.286049977999999,35.15426171,lentil
6.0,77.0,20.0,25.78746268,60.2816298,6.058306161,49.14337177,lentil
2.0,75.0,22.0,23.89271875,61.78779413,6.658605362,52.55730112,lentil
3.0,69.0,23.0,28.67408774,63.18832976,7.299360767,42.96018627,lentil
27.0,80.0,24.0,28.42062847,61.77336343,7.815210661,49.02366803,lentil
39.0,78.0,15.0,21.35499456,62.60136323,5.925391795,41.78219834,lentil
40.0,79.0,17.0,21.12695586,63.18738532,6.403683619,38.71834464,lentil
37.0,62.0,22.0,24.02037872,61.62313345,7.397546271,49.78102578,lentil
31.0,60.0,24.0,25.40474421,65.8567539,7.722335992,51.92057267,lentil
22.0,67.0,22.0,29.03017561,64.49166566,7.475926645,54.93937710000001,lentil
3.0,78.0,18.0,20.21368219,68.65257685,6.887130053,50.89732989,lentil
4.0,80.0,16.0,29.19585548,68.01965728,7.441976825,44.93261911,lentil
13.0,61.0,24.0,18.29783597,69.6897615,7.629910252999999,49.39111479,lentil
12.0,66.0,20.0,27.41434987,63.41785982,7.336117221,44.43177543,lentil
4.0,61.0,21.0,24.84063998,60.09116626,6.75020529,48.77790371,lentil
9.0,60.0,21.0,29.94413861,67.31323084,7.52178027,40.37113729,lentil
18.0,66.0,22.0,25.87990287,67.55109024,6.347379185,47.89645224,lentil
32.0,56.0,18.0,20.0467711,65.84395319,7.135251532000001,46.05333124,lentil
6.0,72.0,15.0,22.99451999,66.70897237,7.670178119,54.49044154,lentil
15.0,77.0,20.0,25.13163619,66.92642362,7.399749291,49.04015558,lentil
0.0,65.0,24.0,28.49584395,62.44616219,7.841496029,53.14531023,lentil
30.0,79.0,22.0,18.28766124,69.48515056,6.254216611,48.60449438,lentil
3.0,63.0,16.0,24.38041875,61.18458224,6.868881707999999,53.13946695,lentil
2.0,78.0,23.0,21.31852148,66.43934593,7.320514721,45.42616802,lentil
10.0,78.0,18.0,18.54141834,62.70637578,6.296976913,44.07819743,lentil
14.0,67.0,25.0,25.28710601,60.85993533,7.241151936,49.37369982,lentil
39.0,65.0,23.0,25.43459777,69.12613376,7.685959305,41.02682925,lentil
19.0,72.0,15.0,28.83600962,69.76112921,6.890760124,44.08562546,lentil
18.0,57.0,21.0,27.37659643,63.93927841,6.155915975,49.47371773,lentil
31.0,58.0,15.0,28.31886863,60.19461399,6.167855382000001,45.36521251,lentil
28.0,58.0,25.0,27.4818649,62.04814951,6.861640036,37.81123974,lentil
5.0,65.0,19.0,18.28072173,68.10365387,6.978361689,48.80253285,lentil
16.0,65.0,19.0,27.61204997,69.29786244,7.043160241,42.72374404,lentil
34.0,65.0,19.0,23.43974653,63.22011726,5.94239222,45.40277297,lentil
14.0,69.0,19.0,20.95628486,63.68128841,7.239455147,52.39881209,lentil
22.0,55.0,16.0,23.7937153,68.03209183,6.516317561,49.73922097,lentil
24.0,61.0,17.0,22.6371424,65.44544859,6.233269045,38.30411077,lentil
2.0,79.0,15.0,21.53577883,65.47227704,7.505283615,35.75107592,lentil
26.0,63.0,17.0,29.87854588,65.73085206,6.950300686,44.95654782,lentil
27.0,61.0,15.0,25.2653291,67.10004577,6.958054839,48.33941188,lentil
24.0,70.0,16.0,25.17885316,68.93307305,6.54803469,35.03484812,lentil
13.0,74.0,25.0,24.12192608,61.09533545,6.461618577,44.23629285,lentil
6.0,64.0,23.0,23.33565221,67.40460704,7.065264073,36.18678721,lentil
12.0,58.0,23.0,21.74600081,63.39503184,6.765091462000001,50.43306085,lentil
32.0,79.0,22.0,27.60195453,63.46170674,5.91645379,54.37814199,lentil
6.0,68.0,18.0,24.388717,62.50453062,6.711341147000001,47.26052494,lentil
10.0,79.0,20.0,24.98287462,66.895409,6.379881442,38.21370568,lentil
38.0,77.0,22.0,28.234829,69.3159965,6.313284267999999,35.36831423,lentil
17.0,74.0,17.0,26.03026959,69.55863145,7.393210848,37.11395801,lentil
26.0,68.0,24.0,28.04849594,64.07691942,7.504930973,37.15824966,lentil
23.0,75.0,17.0,24.87425505,64.00213929,7.198076286,48.28137482,lentil
32.0,78.0,22.0,23.97081395,62.35557553,7.007037515,53.40906048,lentil
19.0,79.0,19.0,20.06003985,67.76252583,6.677262562,42.89509057,lentil
22.0,60.0,18.0,19.59221047,61.28633405,6.74398035,41.7704893,lentil
28.0,69.0,16.0,29.77013109,66.29327012,6.547361617999999,35.69674138,lentil
1.0,67.0,21.0,27.52135365,60.53657684,6.551577598,48.06491307,lentil
12.0,67.0,23.0,25.62896213,63.14909763,6.585020302999999,45.49683991,lentil
36.0,67.0,20.0,20.39078312,60.47528931,6.924042372000001,53.31508572,lentil
28.0,70.0,21.0,25.39038396,60.4989659,7.437373666,39.18374505,lentil
12.0,71.0,19.0,24.91079638,60.71367427,7.142611056000002,42.19740397,lentil
22.0,68.0,16.0,27.70496805,63.20915034,7.74672376,37.46160727,lentil
26.0,66.0,22.0,18.06486101,65.1034354,6.300479414,51.54922825,lentil
16.0,65.0,16.0,18.13027797,62.45851612,6.078724107,50.6128521,lentil
14.0,59.0,22.0,23.82723528,67.89815262,6.76660668,46.90725077,lentil
33.0,59.0,19.0,23.19305333,62.74710773,7.641024177,49.55213308,lentil
21.0,63.0,17.0,25.08966129,68.17543102,6.559681838,41.45486619,lentil
0.0,69.0,21.0,25.86928193,61.88321072,7.072923306,36.68284038,lentil
10.0,75.0,17.0,18.43966037,68.05394959,7.732194787999999,39.00992137,lentil
30.0,61.0,18.0,27.14911056,67.02664337,6.157782589,52.50812701,lentil
0.0,74.0,17.0,23.33375853,64.50515776,7.240988401,47.01510708,lentil
35.0,74.0,22.0,26.7230014,62.96841833,6.898905799,42.87274897,lentil
7.0,63.0,24.0,19.55750776,64.45268309,6.818681086000002,53.04669416,lentil
9.0,56.0,17.0,26.13708256,66.7729209,6.261937875,46.48280681,lentil
14.0,74.0,15.0,27.99990346,65.57653373,6.493036868,49.94043064,lentil
14.0,76.0,20.0,29.05941162,62.10652364,7.042474679,36.5011366,lentil
36.0,65.0,16.0,25.71269843,64.1123333,7.692013657,50.17067771,lentil
28.0,67.0,21.0,21.79792649,63.73086065,6.250994222999999,46.62370222,lentil
28.0,79.0,16.0,24.70626432,60.26854183,6.0521848810000005,53.12442925,lentil
40.0,61.0,22.0,20.94981756,65.8108757,7.002216044,44.23913012,lentil
10.0,70.0,19.0,24.84918386,68.98088448,7.272427638,41.61080544,lentil
12.0,80.0,19.0,21.91041045,65.21662467,5.962001484,36.10211371,lentil
37.0,77.0,20.0,25.93381964,68.70533022,7.080506001,51.02372773,lentil
0.0,67.0,22.0,29.82112112,69.4073209,6.5937983870000005,51.56461082,lentil
7.0,73.0,25.0,27.52185591,63.13215259,7.28805662,45.20841071,lentil
10.0,56.0,18.0,27.99627907,68.6428593,7.32710972,46.10585191,lentil
39.0,70.0,15.0,20.76774783,63.90164154,6.366355781,47.9271552,lentil
26.0,56.0,22.0,23.05276444,60.424786,7.011121216,52.60285259,lentil
9.0,77.0,17.0,21.65845777,63.58337146,6.280725549,38.07659414,lentil
4.0,59.0,19.0,26.25070298,67.62779652,7.621494566,40.8106299,lentil
34.0,73.0,15.0,20.97195263,63.83179889,7.630424082999999,53.10207889,lentil
33.0,77.0,15.0,23.89736406,66.32102048,7.802212437,40.74536757,lentil
2.0,24.0,38.0,24.55981624,91.63536236,5.922935513,111.9684622,pomegranate
6.0,18.0,37.0,19.65690085,89.93701023,5.937649577999999,108.0458926,pomegranate
8.0,26.0,36.0,18.78359608,87.4024767,6.804781106,102.5184759,pomegranate
37.0,18.0,39.0,24.1469628,94.5110662,6.424670614,110.2316633,pomegranate
0.0,27.0,38.0,22.44581266,89.90147027,6.7380162210000005,109.3905998,pomegranate
31.0,25.0,38.0,24.96273236,92.40501423,6.4973666770000005,109.4169192,pomegranate
21.0,21.0,38.0,22.5526059,89.32594859999998,6.327673765,104.8955643,pomegranate
6.0,30.0,40.0,22.77035608,91.45498527,6.36137446,106.9659201,pomegranate
25.0,27.0,41.0,19.20090378,94.27659596,6.9235093710000015,108.0423555,pomegranate
15.0,11.0,38.0,23.12808226,92.68328358,6.630646082999999,109.3930157,pomegranate
14.0,5.0,36.0,24.92639065,85.19098079,5.832525853,104.7693804,pomegranate
16.0,10.0,41.0,24.77464458,85.63608688,6.738993954,105.7595811,pomegranate
36.0,7.0,37.0,19.8671184,86.35590206,5.782435567,108.3168858,pomegranate
4.0,20.0,41.0,24.26601316,93.7974061,6.537042717,104.5375109,pomegranate
29.0,22.0,40.0,23.62600218,89.73266695,6.145104401,107.6836871,pomegranate
16.0,15.0,42.0,19.67832052,89.08935702,6.890784045,108.5468633,pomegranate
18.0,27.0,41.0,22.36509395,92.30882391,7.175344328,104.8216333,pomegranate
11.0,18.0,42.0,21.57936934,94.88267728,5.938528744,102.8593382,pomegranate
5.0,15.0,38.0,18.26233221,88.16779129,5.709380472,108.0756727,pomegranate
18.0,23.0,44.0,23.71028128,89.61794165,6.184400085,105.64999070000002,pomegranate
9.0,8.0,40.0,22.48720144,89.9224883,6.553509673,111.6631582,pomegranate
40.0,27.0,45.0,21.66024980000001,94.79397419,5.885638185,112.4349689,pomegranate
22.0,23.0,44.0,20.13037175,89.31505137,6.1438746910000015,107.3416913,pomegranate
9.0,16.0,39.0,18.41164435,91.11927248,6.101198974,105.1834976,pomegranate
12.0,29.0,40.0,19.68291173,89.75272999,6.594037135,111.2818551,pomegranate
0.0,17.0,42.0,23.20242586,91.19442671,6.8598408210000015,109.0946323,pomegranate
2.0,21.0,44.0,18.92157197,87.31290342,6.56893406,102.8013275,pomegranate
28.0,6.0,40.0,22.10621387,91.34039616,6.769855664,106.8704803,pomegranate
8.0,23.0,44.0,18.47412402,89.68919664,7.130837931,108.4758509,pomegranate
29.0,16.0,36.0,19.81069447,88.92944254,5.7403380020000006,102.860084,pomegranate
17.0,18.0,43.0,24.4880844,90.83687246,5.843005428,103.1969341,pomegranate
34.0,21.0,42.0,18.75927679,89.93457597,6.648687273999999,111.0196744,pomegranate
21.0,23.0,42.0,19.54128063,90.29751796,6.902751061,104.3739878,pomegranate
25.0,17.0,40.0,18.91251245,87.74938524,6.608023872,111.28005159999998,pomegranate
8.0,25.0,36.0,19.91330523,94.95031368,6.828522375,104.0277061,pomegranate
26.0,18.0,42.0,19.72620525,89.64934166,6.910374919,108.22872759999998,pomegranate
4.0,19.0,42.0,23.83185873,87.84034604,6.306605528,111.2232716,pomegranate
36.0,24.0,41.0,24.94467632,94.25702672,7.009180374,103.8799347,pomegranate
5.0,24.0,40.0,24.692258,93.87030088,6.297907578999999,104.6735454,pomegranate
19.0,17.0,39.0,24.72485577,85.56083187,6.728599215,111.2787584,pomegranate
39.0,30.0,38.0,20.12644921,87.59629625,6.965156737999999,108.065579,pomegranate
5.0,29.0,44.0,21.02432943,93.0569505,5.578095745,104.7847006,pomegranate
4.0,24.0,43.0,22.40423537,88.1508343,7.199504273,109.8695196,pomegranate
38.0,21.0,35.0,20.33691147,89.38003827,5.841367187,110.9653137,pomegranate
37.0,11.0,36.0,24.24779615,85.56033312,6.710143266,106.9216033,pomegranate
9.0,25.0,41.0,24.81530144,91.90842992,5.972714857000001,109.2853418,pomegranate
29.0,22.0,43.0,19.66329768,87.95158129,5.561851831,106.0380805,pomegranate
5.0,21.0,38.0,22.43377991,90.3396556,6.107054807999999,112.459697,pomegranate
22.0,26.0,38.0,22.92052307,85.12912161,6.988035315,110.2437841,pomegranate
4.0,18.0,37.0,22.91843172,85.40695044,7.13147457,106.2817706,pomegranate
21.0,6.0,41.0,24.88244467,89.39686219,7.086947687,107.1951707,pomegranate
29.0,21.0,45.0,23.40981539,93.13277,6.749260456,105.2240743,pomegranate
23.0,5.0,44.0,21.20725375,94.26304717,7.16300467,107.5660804,pomegranate
13.0,7.0,43.0,18.20230419,91.12282162,7.013481515,109.66239740000002,pomegranate
5.0,13.0,37.0,22.34375696,89.7870345,5.648243648999999,103.3183074,pomegranate
27.0,24.0,41.0,24.32770134,90.88292835,6.610251186,110.4606459,pomegranate
7.0,23.0,35.0,19.75088482,88.71691157,7.054313822999999,102.5538035,pomegranate
12.0,20.0,39.0,19.86173586,86.19740917,6.026999326,111.0217929,pomegranate
4.0,19.0,43.0,18.07132963,93.14554876,5.7794274020000005,106.3602023,pomegranate
3.0,9.0,45.0,23.89162561,89.61850203,6.535244251,104.617522,pomegranate
1.0,27.0,36.0,23.98598756,93.34236582,5.684995235,104.991282,pomegranate
23.0,30.0,44.0,20.93892916,85.42912869,6.12476108,103.0295938,pomegranate
24.0,21.0,42.0,20.82210727,87.22815682,6.999014379,109.4429934,pomegranate
13.0,30.0,37.0,20.86474944,91.61793636,6.277148771,106.8685636,pomegranate
40.0,11.0,44.0,24.45840036,86.10874614,6.322396027000001,111.3779693,pomegranate
21.0,9.0,40.0,24.51147697,90.64498715,5.956401828,105.6209954,pomegranate
3.0,27.0,44.0,24.56811204,92.03009222,6.591302797000001,110.9633894,pomegranate
40.0,29.0,42.0,24.63228709,89.01574455,7.104094929,110.6956184,pomegranate
14.0,25.0,40.0,20.07386547,90.97819712,6.407872061,103.7084055,pomegranate
38.0,14.0,37.0,21.80523051,94.63612858,6.658402594,102.6488846,pomegranate
34.0,9.0,36.0,22.8122645,86.34233767,6.276038961,110.4432293,pomegranate
32.0,14.0,37.0,22.73031253,88.48567856,6.825256236,104.6843243,pomegranate
18.0,21.0,35.0,23.2801227,94.94330457,6.368560522,111.1382096,pomegranate
8.0,23.0,38.0,19.30106297,87.1775172,7.005410734,105.4766591,pomegranate
15.0,6.0,41.0,19.0087067,88.83768149,6.8973684770000006,108.6793978,pomegranate
0.0,5.0,36.0,24.35193812,90.88612388,6.152906502,105.529185,pomegranate
22.0,9.0,44.0,24.72235539,88.87651295,5.744361602000001,112.1926517,pomegranate
14.0,8.0,43.0,21.92513945,94.46485312,7.051654924,111.71620159999998,pomegranate
31.0,11.0,45.0,24.83954414,86.88738076,6.034612928,107.6435771,pomegranate
39.0,17.0,45.0,18.09691127,90.42177379,6.9244907310000015,104.88188999999998,pomegranate
10.0,5.0,42.0,20.24104904,91.08706822,6.887005997,109.2537734,pomegranate
8.0,28.0,38.0,23.22594,94.42971362,6.8444019,105.6917856,pomegranate
32.0,13.0,42.0,23.50128217,92.97527546,5.786058032000001,106.61905,pomegranate
18.0,9.0,40.0,19.44623085,89.02127045,5.627186257000001,106.1606833,pomegranate
20.0,27.0,41.0,20.51343484,92.51675903,5.700088663,110.5764023,pomegranate
39.0,25.0,36.0,18.90223032,94.99897537,5.567805185,107.6103211,pomegranate
20.0,7.0,45.0,18.90592319,89.24126808,6.077886012,112.4750941,pomegranate
11.0,10.0,45.0,22.63045168,88.45577158,6.397995609,109.0357597,pomegranate
40.0,18.0,43.0,19.38603815,86.79058496,5.767372539,109.91309840000002,pomegranate
3.0,26.0,39.0,24.38318965,91.19431555,7.079973241,103.6012114,pomegranate
9.0,16.0,36.0,23.77989026,92.93386903,5.893332377999999,106.977723,pomegranate
30.0,20.0,38.0,22.59890174,93.16343942,7.058222596,110.0932899,pomegranate
40.0,9.0,41.0,24.37766782,85.4017118,5.78270695,106.128338,pomegranate
40.0,30.0,35.0,20.89273273,91.07776977,6.269663962999999,104.4407083,pomegranate
32.0,25.0,35.0,18.09903225,85.70786282,5.892913826,107.0050976,pomegranate
33.0,23.0,45.0,20.00218987,85.83618191,7.116538883,112.337046,pomegranate
4.0,14.0,41.0,19.85139326,89.80732335,6.430163481,102.8186358,pomegranate
13.0,17.0,45.0,21.25433607,92.65058936,7.159520979,106.2784673,pomegranate
39.0,24.0,39.0,23.65374106,93.32657504,6.431265737,109.8076178,pomegranate
8.0,28.0,37.0,23.88404783,86.20613842,6.082571701,108.3121789,pomegranate
91.0,94.0,46.0,29.36792366,76.24900101,6.149934034,92.82840911,banana
105.0,95.0,50.0,27.33368994,83.67675197,5.849076099,101.0494791,banana
108.0,92.0,53.0,27.40053601,82.96221306,6.276800323,104.9378,banana
86.0,76.0,54.0,29.3159075,80.11585705,5.926824754,90.10978128,banana
80.0,77.0,49.0,26.05433004,79.39654531,5.519088423,113.2297373,banana
93.0,94.0,53.0,25.86632408,84.42379269,6.079178787999999,114.5357503,banana
90.0,92.0,55.0,27.00932084,80.18546798,6.13465588,97.32531705,banana
108.0,89.0,53.0,29.55054817,78.06762846,5.808497603999999,99.34482238,banana
108.0,88.0,55.0,26.28845991,83.390039,5.891458107,113.8729798,banana
105.0,77.0,52.0,29.16226551,76.16151562,5.816622478999999,100.0075679,banana
118.0,88.0,52.0,28.65003945,82.68752542,5.8431631610000005,98.75084366,banana
101.0,87.0,54.0,29.07311132,76.50045221,6.376756632999999,100.1692639,banana
95.0,75.0,50.0,28.08166093,75.26429821,5.623615687000001,118.2761894,banana
106.0,85.0,53.0,27.1994597,78.80860679999998,5.91505509,99.72430835,banana
86.0,95.0,49.0,28.05484146,78.04602887,6.458714879,108.3957179,banana
83.0,79.0,55.0,25.14748006,83.34688193,5.565028635,98.66679427,banana
85.0,95.0,47.0,25.94019018,78.3422098,6.211833161,119.84797,banana
109.0,79.0,45.0,27.66752761,79.68542782,6.490074429,108.66464,banana
100.0,76.0,45.0,25.56703012,75.94067692,5.590236025,102.7867717,banana
117.0,86.0,48.0,28.6956201,82.54195839,6.225225238999999,116.1616839,banana
114.0,94.0,53.0,26.33544853,76.8532006,6.190757458999999,118.6858263,banana
110.0,78.0,50.0,25.93730186,78.89864446,5.915568968,98.21747528,banana
94.0,70.0,48.0,25.13686519,84.88394407,6.195152442,91.46442491,banana
80.0,71.0,47.0,27.50527651,80.79783998,6.156373499,105.0776992,banana
114.0,79.0,51.0,26.21009246,82.34429458,6.313197204,112.0700033,banana
88.0,78.0,45.0,29.10403455,79.19588629,6.324270089,92.07835761,banana
112.0,73.0,48.0,29.244063800000006,77.32017166,5.7074889870000005,90.66727868,banana
117.0,76.0,47.0,25.56202173,77.38229006,6.119216009,93.10247183,banana
111.0,87.0,48.0,26.3985515,81.36028902,5.571401169,98.16752001,banana
89.0,83.0,47.0,28.09577643,77.79586769,5.63127166,109.5408614,banana
93.0,91.0,47.0,27.84767901,83.31110751,6.101241579,117.2878912,banana
92.0,81.0,52.0,27.39341554,81.4654833,6.438137278999998,94.31102057,banana
105.0,74.0,45.0,25.14517635,81.38204104,6.098369122,119.218154,banana
102.0,71.0,48.0,28.65456263,79.28693687,5.695267822000001,102.4633775,banana
94.0,91.0,51.0,29.16093424,76.67484233,5.6180944460000015,109.575944,banana
116.0,71.0,47.0,27.57278064,82.0638878,6.435785799,91.34276507,banana
117.0,79.0,49.0,25.40909896,82.36208097,6.176644228,112.9794804,banana
119.0,72.0,55.0,25.99069521,83.33983116,6.220643671,112.0777152,banana
99.0,73.0,53.0,26.29039046,81.06003778,5.8717022110000014,118.6730366,banana
91.0,84.0,52.0,29.14827211,78.71024836,6.390741836,117.536781,banana
80.0,90.0,47.0,26.59743595,79.35898915,6.21084479,107.3944717,banana
101.0,70.0,48.0,25.36059237,75.03193255,6.012696655,116.5531455,banana
108.0,89.0,53.0,29.12036889,80.18080728,5.908770059,112.3982055,banana
100.0,80.0,52.0,27.53911354,77.25629897,6.049801781,110.3262123,banana
109.0,91.0,53.0,29.66727337,83.51014178,6.010095852999999,110.2511102,banana
82.0,78.0,46.0,25.05802193,84.97323747,5.738678895,110.4408803,banana
106.0,70.0,55.0,25.86824781,78.52399914,5.74055541,116.3019555,banana
90.0,86.0,52.0,25.85036988,81.95580471,5.793260262,119.08561709999998,banana
83.0,95.0,50.0,26.51682337,77.79913575,5.50947065,108.8547508,banana
119.0,90.0,48.0,28.66725136,79.59242542,5.986442306,118.2583441,banana
107.0,72.0,45.0,28.14938935,81.54448882,5.790768046,91.40508414,banana
116.0,81.0,55.0,26.42313317,83.69950440000002,5.915546415,95.12322062,banana
101.0,75.0,50.0,26.59386409,81.40740301,6.242528277999999,109.9825551,banana
93.0,81.0,50.0,27.71822477,76.57853189,6.0360792660000016,102.2099836,banana
95.0,75.0,45.0,28.98333432,82.95958244,5.829898502000001,109.022564,banana
107.0,71.0,55.0,29.42017919,83.96754496,6.088064451,117.229079,banana
83.0,94.0,47.0,27.39872329,81.10523402,6.469370954,112.1355384,banana
102.0,73.0,54.0,26.4020227,84.41007614,5.720726906,111.0162259,banana
86.0,79.0,45.0,27.81251452,82.69285419,5.80766417,99.20961514,banana
117.0,86.0,53.0,25.19640218,83.55829874,5.703381727999999,115.8586081,banana
111.0,79.0,53.0,28.31193338,75.77363772,6.165001277999999,119.695765,banana
95.0,74.0,50.0,25.90113128,80.47152737,6.002481605,110.10323,banana
91.0,75.0,55.0,27.48612983,76.11239849,6.212369363,109.2768851,banana
93.0,83.0,46.0,29.38254012,83.50423735,5.765308943,109.2486647,banana
92.0,85.0,51.0,29.22118628,81.08183635,5.740764682000001,108.8616474,banana
104.0,80.0,54.0,27.09062164,81.33506906,5.879119455,110.1331182,banana
103.0,72.0,51.0,26.12643374,81.81365007,6.099478745,104.4812858,banana
92.0,75.0,45.0,29.01207743,77.95192527,5.674403358999999,90.43495443,banana
93.0,85.0,49.0,27.96799119,79.28625709,5.694243847,119.4765557,banana
120.0,87.0,52.0,28.0764455,76.05522115,5.905494703,118.99235729999998,banana
108.0,72.0,46.0,25.16278237,84.97849241,6.110844721,90.94554618,banana
105.0,88.0,54.0,25.78749808,84.51194224,6.020445317,114.2005455,banana
98.0,79.0,50.0,25.34119774,84.47321314,6.435917308,91.06493353,banana
111.0,88.0,55.0,29.44795403,78.34971537,5.505393832999999,96.45042585,banana
97.0,74.0,45.0,26.47522633,78.51833782,5.677719902000001,113.1161095,banana
95.0,82.0,48.0,27.39489579,83.31172003,5.719014989,92.78133617,banana
89.0,91.0,55.0,25.08347445,80.26173100000003,6.275572297999999,94.32961456,banana
89.0,85.0,55.0,26.671983500000003,76.48541655,6.275384607,91.73358569,banana
118.0,88.0,51.0,25.44926208,79.49221962,6.201911642000001,100.6619171,banana
101.0,92.0,45.0,28.22776705,80.64303840000002,5.758054257,98.00403016,banana
99.0,92.0,47.0,28.127950899999995,77.48247073,6.3239336470000005,103.5045395,banana
82.0,77.0,46.0,28.9470467,82.1888998,5.901100841,95.83016448,banana
90.0,86.0,55.0,27.96236771,84.15403614,5.644486582000001,97.55986676,banana
95.0,88.0,52.0,28.00316034,78.90085998,6.235461772000001,94.68180316,banana
104.0,73.0,46.0,29.1400919,80.1190228,6.28236237,90.45142867,banana
102.0,73.0,52.0,27.9122104,83.36307683,6.356090905,90.24211529,banana
100.0,74.0,52.0,25.43480512,81.53977797,5.837258235,96.47800391,banana
94.0,89.0,48.0,28.55980972,84.51602322,5.653437902,111.0843029,banana
99.0,70.0,46.0,26.59580783,82.99556744,5.727469947,100.5123341,banana
112.0,87.0,48.0,27.19711623,77.39706290000002,6.200111067999999,99.46950465,banana
117.0,82.0,45.0,25.29391516,79.29122198,5.614471478,105.4220251,banana
96.0,86.0,51.0,29.90888522,76.98740841,6.257369799,91.99964712,banana
113.0,85.0,45.0,27.94972463,76.63713353,6.037430836,109.0921631,banana
105.0,93.0,46.0,25.01018457,78.76260938,5.760457558,108.3690513,banana
85.0,89.0,51.0,29.21144871,84.70189923,6.1581644220000005,108.5501443,banana
108.0,94.0,47.0,27.35911627,84.54625006,6.387431382999999,90.81250457,banana
92.0,81.0,52.0,28.0106804,76.52808057,5.891413895,103.7040783,banana
110.0,71.0,54.0,28.67208915,82.20793613,5.725418961,94.37987496,banana
82.0,75.0,55.0,27.34585147,78.48738349999998,6.281069505,92.15524332,banana
117.0,81.0,53.0,29.50704598,78.20585613,5.507641777999999,98.12565829,banana
2.0,40.0,27.0,29.73770045,47.54885174,5.954626604,90.09586854,mango
39.0,24.0,31.0,33.55695561,53.72979826,4.757114897,98.67527561,mango
21.0,26.0,27.0,27.00315545,47.67525434,5.6995869720000005,95.85118326,mango
25.0,22.0,25.0,33.56150184,45.53556603,5.977413802999999,95.70525913,mango
0.0,21.0,32.0,35.89855625,54.25964196,6.430139436,92.19721736,mango
20.0,19.0,35.0,34.17719782,50.62161586,6.113935087000001,98.00687989,mango
19.0,21.0,34.0,30.01592643,53.19212381,5.074272692,97.72843182,mango
18.0,17.0,31.0,31.74592134,45.16127859,5.667507706,93.75441586,mango
11.0,36.0,33.0,35.99009679,52.22780489,5.978634285,95.3713484,mango
30.0,28.0,30.0,31.86641378,52.19331595,5.064613314,98.46768642,mango
18.0,19.0,27.0,27.75518664,52.34605806,4.772385986000001,94.11213345,mango
23.0,23.0,27.0,34.72413192,51.4271781,5.161148592,97.31258083,mango
37.0,30.0,34.0,27.53907547,53.63549533,6.797779227,99.35408185,mango
11.0,27.0,30.0,27.69637763,48.56224879999999,6.39474303,89.85646496,mango
12.0,19.0,31.0,27.25373364,52.66319725,5.566704378,91.87312479,mango
3.0,28.0,33.0,30.33723921,48.88704844,5.755049971,94.42850522,mango
37.0,38.0,32.0,31.85744939,45.53106268,5.417340525,91.55845821,mango
26.0,37.0,30.0,35.39986338,49.45962621,6.166173833999999,97.41054011,mango
14.0,18.0,30.0,29.80747243,52.13797867,5.191265116,95.74606104,mango
40.0,16.0,35.0,34.16438906,54.16482251,4.954739564,98.33351125,mango
4.0,20.0,25.0,28.93270187,47.94053996,5.664587011,99.9834242,mango
36.0,25.0,33.0,27.98392787,53.33018851,5.548584852,99.61465679,mango
30.0,17.0,31.0,31.20478173,54.49960506,6.804437106,94.62954663,mango
28.0,37.0,28.0,32.13409675,50.52559148,6.097869767000001,98.63333684,mango
38.0,15.0,30.0,28.91862016,48.13974548,5.075504537,97.01331604,mango
12.0,37.0,30.0,31.09779147,47.41196659,4.546466109,90.28624348,mango
38.0,19.0,31.0,34.73823882,49.08864345,5.855119267999999,90.65022183,mango
8.0,33.0,29.0,29.98080499,49.48613279,6.442393461,91.82271568,mango
15.0,27.0,28.0,33.80398664,46.12866113,4.507523551,90.82549241,mango
34.0,16.0,25.0,30.07202564,50.96040505,6.10729559,92.09609766,mango
11.0,36.0,31.0,27.92063282,51.77965917,6.47544932,100.2585673,mango
33.0,29.0,34.0,31.40948821,49.21729127,6.832979508999999,92.99739415,mango
12.0,31.0,26.0,35.7877738,51.94190321,5.395275719,100.2160615,mango
12.0,34.0,28.0,33.36140093,45.02236377,6.13526938,98.81596545,mango
5.0,16.0,31.0,35.96054636,48.69677802,4.555688532,98.00644238,mango
1.0,30.0,29.0,28.33333307,51.39586505,6.4341977560000005,91.67241761,mango
16.0,35.0,31.0,32.27652024,50.19368841,5.316875978000001,95.99487068,mango
35.0,18.0,26.0,31.99490489,50.84881347,5.279388967,97.38741498,mango
4.0,40.0,26.0,27.58258929,48.56916221,6.720041791,95.8445641,mango
9.0,29.0,34.0,29.38471637,45.88744691,5.72742254,100.8124659,mango
2.0,38.0,33.0,32.38697531,53.2328243,4.691396195,90.21633216,mango
26.0,32.0,32.0,30.91471455,49.92963856,6.810186079,90.14047759,mango
34.0,38.0,31.0,35.37775595,45.58110023,6.454045329,97.41586402,mango
5.0,32.0,33.0,32.32362177,52.58967710000001,5.842763773,93.36718816,mango
31.0,29.0,26.0,28.22373428,47.40519056,5.024124683999999,97.76832322,mango
34.0,34.0,35.0,27.27433181,47.16808054,6.422710539,95.257992,mango
36.0,19.0,32.0,27.10710832,50.70880979,4.94295037,92.37238878,mango
7.0,17.0,26.0,34.89226666,48.75613373,6.414526606,91.63074547,mango
38.0,15.0,27.0,33.7462686,48.50387598,6.777788126,92.26439205,mango
5.0,19.0,25.0,27.351105600000004,54.43945147,6.441328044,96.27792547,mango
37.0,36.0,26.0,32.89300162,52.61323969,4.650536197,94.49161372,mango
21.0,31.0,32.0,35.38598705,51.42664176,5.254532213,90.29643888,mango
37.0,36.0,27.0,27.552973600000005,47.90859131,5.910634533,90.40332704,mango
23.0,23.0,30.0,32.82141065,47.45553843,4.755273631000001,90.89173106,mango
36.0,26.0,26.0,30.17294105,51.0845903,6.814630246,95.23444287,mango
24.0,33.0,35.0,29.26382931,54.82257868,5.342866119,100.7586226,mango
26.0,18.0,30.0,32.06097197,51.08494181,6.336234623999999,96.59816497,mango
22.0,17.0,26.0,28.69818144,47.71875722,4.754435025,99.642454,mango
11.0,34.0,32.0,29.14305008,49.40983294,6.831706773,97.55155537,mango
29.0,35.0,28.0,28.347161100000005,53.53903102,6.9674177660000005,90.40260445,mango
22.0,28.0,26.0,27.67256197,45.41692012,4.947683034,92.84991507,mango
23.0,24.0,32.0,28.1218093,46.16888595,5.630619901,93.30247448,mango
1.0,35.0,34.0,30.79375683,46.69536813,6.27339822,92.21318555,mango
2.0,24.0,34.0,28.89409382,54.80750249,6.472774648,94.76322976,mango
39.0,37.0,25.0,33.33024826,45.61143594,6.953246506,98.28583013,mango
15.0,36.0,27.0,27.78912455,53.96886679,5.6437102160000014,91.01152997,mango
3.0,18.0,31.0,31.65333432,48.20662669,6.392313972999999,91.09745581,mango
8.0,38.0,32.0,29.75150773,46.73723302,4.981816523,91.405983,mango
33.0,31.0,34.0,31.32995611,50.22287593,5.421265282999999,89.78216168,mango
14.0,29.0,32.0,35.63627319,48.97047762,6.942520105,97.51952041,mango
18.0,20.0,26.0,31.66524687,51.98594645,5.435840509,89.98024312,mango
9.0,21.0,32.0,32.26935342,53.56092806,5.870116071,95.94035356,mango
20.0,30.0,27.0,27.81005614,51.59445462,4.74910393,95.89898581,mango
9.0,38.0,25.0,34.58561471,50.34035336,5.497946899,100.3060719,mango
26.0,24.0,34.0,31.27180992,52.23810152,6.811291098,89.74409017,mango
31.0,36.0,29.0,33.93679864,52.72170281,6.460542749,97.4611918,mango
14.0,18.0,35.0,31.09154239,47.02058367,4.791146778,91.46664318,mango
40.0,16.0,35.0,31.89356292,49.02450149,6.4841522000000005,89.59371481,mango
28.0,27.0,34.0,32.45465292,50.69693751,6.526654345,95.04871605,mango
0.0,17.0,30.0,35.47478322,47.97230503,6.279133738,97.79072474,mango
1.0,29.0,29.0,27.32961444,49.30347234,6.052026047000001,93.53197359,mango
2.0,36.0,31.0,30.90225239,49.95955487,5.73171945,91.77522598,mango
12.0,27.0,26.0,29.09382275,45.5661059,5.32307197,96.23520043,mango
7.0,28.0,35.0,30.02086169,46.78393776,4.66910839,96.63721027,mango
0.0,36.0,26.0,34.13072188,51.25786185,5.101206389,96.38808001,mango
26.0,35.0,31.0,33.44619894,53.05980465,5.339556562,98.05089394,mango
27.0,21.0,30.0,35.3915464,52.48823147,5.061081874,91.22881052,mango
22.0,38.0,31.0,31.53356352,53.06009323,5.8211060360000015,98.57025046,mango
22.0,18.0,31.0,30.764551500000003,47.93791463,5.956027059,90.38503469,mango
28.0,23.0,28.0,30.01821337,50.09831810000001,5.676032581,96.08745082,mango
7.0,31.0,27.0,31.32863689,47.59319575,6.524114355,94.67344737,mango
29.0,34.0,26.0,33.88004781,54.39416048,6.2739536760000005,89.29147581,mango
8.0,37.0,33.0,28.07802689,54.9640534,6.128167757000001,97.45373619,mango
39.0,16.0,27.0,35.53845018,52.94641947,4.934964765,91.54560427,mango
40.0,24.0,25.0,28.70595247,50.44030129,5.445008416,95.8946444,mango
19.0,38.0,26.0,31.48451729,48.77926304,4.525722333,93.17221967,mango
21.0,21.0,30.0,27.69819273,51.41593238,5.403908327999999,100.7720705,mango
22.0,18.0,33.0,30.41235793,52.48100602,6.621623545,93.92375879,mango
31.0,20.0,30.0,32.17752026,54.01352682,6.207495815,91.88766069,mango
18.0,26.0,31.0,32.611261400000004,47.74916499,5.418475257000001,91.10190759,mango
24.0,130.0,195.0,29.99677232,81.54156612,6.112305667,67.12534492,grapes
13.0,144.0,204.0,30.7280404,82.42614055,6.092241627000001,68.38135469,grapes
22.0,123.0,205.0,32.44577836,83.88504863,5.896343436,68.73932528,grapes
36.0,125.0,196.0,37.46566825,80.65968681,6.15526103,66.83872293,grapes
24.0,131.0,196.0,22.03296178,83.74372787,5.732453638,65.34440794,grapes
2.0,123.0,198.0,39.64851881,82.21079946,6.253034534,70.39906054,grapes
35.0,140.0,197.0,16.77557314,82.75241875,6.106190557000001,66.76285469,grapes
11.0,122.0,195.0,12.14190714,83.56812483,5.647202395,69.63122027,grapes
6.0,123.0,203.0,12.7567962,81.62497448,6.130310493,66.77844567,grapes
17.0,134.0,204.0,39.04071989,80.18393287,6.499604931,73.88467027,grapes
25.0,130.0,197.0,39.70772192,82.68593454,5.554831977,74.91506217,grapes
27.0,145.0,205.0,9.467960445,82.29335466,5.800242694,66.02765219,grapes
9.0,122.0,201.0,29.58748357,80.91934392,5.570290539,68.06417307,grapes
16.0,139.0,203.0,17.82803682,80.96093443,6.27564088,65.84748763,grapes
32.0,141.0,204.0,8.825674745,82.89753705,5.536645599,67.235765,grapes
22.0,138.0,195.0,27.83487131,83.51444973,6.208196881,73.02882766,grapes
31.0,144.0,202.0,11.02105378,80.55557235,5.870600622,68.23963161,grapes
3.0,136.0,205.0,17.5862944,80.84806564,6.334771461,71.40654520000002,grapes
28.0,122.0,197.0,19.89363946,82.73366439,5.856575335,69.66256816,grapes
4.0,136.0,204.0,29.93707596,81.77713468,5.898944282,65.52279323,grapes
39.0,145.0,201.0,36.73126647,80.58931938,5.775600435,72.24230804,grapes
38.0,132.0,197.0,20.42094753,81.54185044,5.931101816,66.93065667,grapes
36.0,133.0,198.0,25.51939719,83.98351748,6.2286454,69.17281221,grapes
25.0,121.0,201.0,30.50734778,82.71775569,5.594240602999999,70.08200379,grapes
15.0,125.0,199.0,18.426993600000007,80.55625868,5.569230319,69.75734306,grapes
24.0,140.0,205.0,12.087022,83.59398734,5.93202852,68.66813363,grapes
13.0,132.0,203.0,23.60115364,82.48336987,6.423216506,73.23901752,grapes
5.0,126.0,197.0,12.80000387,81.20876367,6.417500829,67.10439401,grapes
30.0,120.0,200.0,38.06099482,82.24729637,6.234904253,65.70148216,grapes
23.0,142.0,197.0,39.06555518,82.03812973,6.000573725,69.30772897,grapes
26.0,135.0,203.0,33.78372897,81.16314317,5.6851027689999984,74.53557341,grapes
7.0,126.0,203.0,16.76201707,82.00335557,5.662140095,73.28712806,grapes
32.0,139.0,198.0,35.89307536,82.66850729,6.358186848,66.53946559,grapes
9.0,141.0,202.0,21.01245395,81.17931863,6.119495295,66.38448261,grapes
20.0,142.0,196.0,10.89875873,80.01639435,6.207600782999999,68.69420397,grapes
32.0,129.0,201.0,16.36251869,83.00471609,6.48754639,71.55665483,grapes
3.0,134.0,199.0,20.28370163,81.32235739,5.81717753,71.06611222,grapes
38.0,138.0,204.0,25.11108456,83.25447587,6.325480034,73.01026829,grapes
14.0,131.0,198.0,33.4641162,83.86742974,5.562790949,67.92204319,grapes
20.0,122.0,204.0,11.7976469,80.86325389,6.487369687,65.06962486,grapes
40.0,126.0,201.0,11.36300891,80.03100049,6.116982944,71.18289431,grapes
36.0,128.0,204.0,25.23542319,80.68700527,5.695792761,67.03840888,grapes
11.0,132.0,197.0,15.99050693,81.23966573,5.7343170070000005,74.40198861,grapes
0.0,137.0,195.0,22.4359017,80.18612085,6.329499832000001,65.3973168,grapes
19.0,123.0,200.0,34.76086052,81.03544763,6.167013532,65.70430027,grapes
31.0,136.0,197.0,31.11047251,83.34010951,5.653776057999999,71.43001582,grapes
4.0,134.0,200.0,28.57828803,80.95628959,5.840256272,73.34232097,grapes
39.0,139.0,201.0,41.18664903,81.01783402,5.5399808120000005,68.68895899,grapes
8.0,127.0,196.0,27.02766138,83.17093908,5.833302165,70.95666003,grapes
39.0,138.0,203.0,21.19339319,82.33098331,6.399433771,74.62834921,grapes
32.0,120.0,204.0,10.38004759,83.44518113,6.138958698,67.39173790000001,grapes
12.0,142.0,203.0,31.3115978,82.56407013,5.972850837999999,65.01095312,grapes
8.0,133.0,195.0,20.46657776,80.97598029,6.456079585,71.29813872,grapes
8.0,139.0,199.0,29.36947679,81.53996362,6.3364266670000005,66.13442813,grapes
21.0,134.0,202.0,10.72302459,80.02130636,6.425419926,65.29821120000001,grapes
40.0,140.0,195.0,14.97846952,80.49979873,6.2943956760000015,71.63437433,grapes
39.0,127.0,202.0,15.3246651,81.67215994,6.477768039,71.60102999,grapes
19.0,120.0,195.0,18.73932187,81.12109244,5.931538447,73.55807954,grapes
21.0,139.0,201.0,19.3642553,83.36094029,5.980598579,67.15094741,grapes
17.0,136.0,195.0,41.20733624,81.61051026,6.389783283,65.90227462,grapes
33.0,139.0,203.0,33.34214482,82.51034633,5.693287415,70.68098614,grapes
22.0,133.0,201.0,23.81995682,80.12211649,6.00299607,67.27398640000001,grapes
32.0,130.0,196.0,40.66012294,81.24995984,6.372959542,74.03030056,grapes
37.0,135.0,205.0,11.82768186,80.2827185,5.510924848999999,74.10225057,grapes
15.0,140.0,195.0,13.28504331,83.54193816,5.69945282,65.80006004,grapes
39.0,132.0,196.0,35.83089092,83.32560104,5.778594403,73.67984885,grapes
40.0,121.0,199.0,26.18159716,81.03886263,6.315586313,66.05911698,grapes
40.0,132.0,202.0,24.57558351,80.70695797,5.9718130060000005,69.706113,grapes
29.0,142.0,203.0,29.67229086,83.71498986,5.891195653,66.48490371,grapes
32.0,121.0,199.0,39.37102553,81.25353895,6.129812716,74.08101744,grapes
6.0,140.0,205.0,17.66558428,82.92903419,6.313085601,69.8671263,grapes
8.0,120.0,196.0,24.06679352,82.66396666,6.053662544,69.81855775,grapes
34.0,133.0,202.0,15.31413469,80.09711412,5.804799142,74.82144653,grapes
35.0,135.0,199.0,21.77466746,80.54942557,6.400719746,69.39630398,grapes
16.0,145.0,199.0,26.91624843,80.76838926,5.953966361,69.30927185,grapes
8.0,136.0,201.0,41.65602996,82.22118237,5.6092559920000005,74.19664838,grapes
25.0,129.0,195.0,17.98667801,81.17712085,5.777271492000001,72.37127689,grapes
16.0,130.0,201.0,29.12033769,82.79092939,5.682395429,68.8503047,grapes
39.0,129.0,203.0,34.38922481,83.18392806,5.863996687,71.03001556,grapes
38.0,135.0,203.0,41.36106301,82.79782954,6.444373116,69.92107482,grapes
33.0,120.0,205.0,35.12158265,82.26890793,5.550832177999999,69.71518491,grapes
35.0,125.0,204.0,19.6491772,80.15215777,6.107741787999999,73.69529586,grapes
1.0,132.0,200.0,16.27852801,82.94270065,5.620745638,66.57462809,grapes
39.0,140.0,203.0,21.11903604,80.63399198,6.349875906,69.27779761,grapes
28.0,145.0,202.0,19.2077707,82.90428409999998,6.484323189,66.83113717,grapes
6.0,128.0,200.0,25.96308415,82.57813624,5.838748311,70.31782647,grapes
6.0,139.0,199.0,25.67385024,81.6212135,6.29099842,74.10919422,grapes
29.0,122.0,196.0,41.94865736,81.15595212,5.638328481,73.06862952,grapes
37.0,144.0,197.0,11.18994268,80.8084305,6.415555956,66.34234944,grapes
38.0,120.0,197.0,17.5438296,82.94703302,6.323722572,73.77063744,grapes
38.0,141.0,198.0,13.05809741,80.28297993,5.757009965,70.75633584,grapes
14.0,121.0,203.0,9.724457611,83.74765639,6.1586894060000015,74.46411148,grapes
6.0,125.0,204.0,27.92004934,82.93262435,5.7335398070000005,69.92092839,grapes
32.0,138.0,197.0,9.535585543,80.73112694,5.908724337000001,69.44115171,grapes
11.0,124.0,204.0,13.42988625,80.06633966,6.361141107000001,71.40043037,grapes
23.0,138.0,200.0,9.851242629,80.22631717,5.96537863,68.42802444,grapes
40.0,143.0,201.0,24.97256132,82.72828653,6.476757723,66.70016285,grapes
6.0,142.0,202.0,27.23708304,82.94573346,6.224542938,70.42508897,grapes
37.0,124.0,195.0,18.70679077,83.4795292,6.209928251,66.5964488,grapes
35.0,134.0,204.0,9.949929082,82.55138983,5.841138354,66.00817551,grapes
119.0,25.0,51.0,26.47330219,80.92254421,6.283818329,53.65742581,watermelon
119.0,19.0,55.0,25.18780042,83.44621709,6.818261382999999,46.87420883,watermelon
105.0,30.0,50.0,25.29954705,81.77527562,6.37620108,57.04147057,watermelon
114.0,8.0,50.0,24.74631269,88.30866319,6.581587932000001,57.95826144,watermelon
93.0,22.0,52.0,26.58740671,81.32563243,6.932739726,41.87540028,watermelon
80.0,26.0,55.0,24.53442564,88.989272,6.140099215,49.11618732,watermelon
85.0,27.0,45.0,26.0713757,88.7285657,6.467095849,57.79652846,watermelon
85.0,22.0,53.0,25.96534238,89.77076659,6.849471704,59.46338556,watermelon
82.0,22.0,45.0,26.22338015,85.34866045,6.512196212,54.60159289,watermelon
118.0,13.0,54.0,24.41311871,89.81574032,6.039584629,44.07843475,watermelon
83.0,25.0,53.0,26.49195283,80.04678201,6.057697106,57.72799157,watermelon
86.0,15.0,47.0,24.04355803,84.18406764,6.423898762,53.78929956,watermelon
101.0,10.0,47.0,25.5421695,83.31883376,6.936997681,57.57343233,watermelon
119.0,9.0,50.0,26.74550678,83.9195902,6.251286661,40.794305,watermelon
104.0,17.0,46.0,25.7131428,80.22972777,6.190015912000001,43.08961827,watermelon
95.0,12.0,51.0,25.76484262,84.17269959999999,6.681606702000001,44.22066914,watermelon
102.0,14.0,52.0,26.79489868,89.64815231,6.51075991,57.74091817,watermelon
109.0,21.0,55.0,24.9004602,89.73524177,6.770278088,57.44942094,watermelon
81.0,18.0,50.0,26.80750629,88.22874955,6.429788072999999,58.79889057,watermelon
103.0,17.0,51.0,25.11189154,80.02621335,6.209888345,44.20656987,watermelon
105.0,14.0,50.0,26.2148837,87.68839820000002,6.419052193,59.65590798,watermelon
97.0,8.0,52.0,24.9103226,86.97190046,6.237861736,49.48575692,watermelon
120.0,19.0,49.0,25.79448878,84.26830701,6.762471628999998,56.45229202,watermelon
95.0,16.0,55.0,25.26931156,87.55055105,6.612847999,40.12650421,watermelon
83.0,29.0,52.0,25.76402693,87.5931128,6.704688865,46.05122728,watermelon
83.0,9.0,45.0,25.85483596,89.13163965,6.049609892,46.85176955,watermelon
91.0,21.0,50.0,24.33528185,81.44030363,6.762030215,48.32113628,watermelon
116.0,5.0,54.0,25.37601283,80.99313508,6.65398725,57.23028471,watermelon
112.0,28.0,54.0,24.86094646,85.05318563,6.738030547,55.29563514,watermelon
88.0,29.0,51.0,24.71885473,88.94568335,6.095689937,48.45978627,watermelon
118.0,15.0,45.0,24.21495706,84.20576992,6.538006356,48.01138482,watermelon
92.0,21.0,48.0,25.81692236,82.043255,6.377427122,54.82963379,watermelon
106.0,14.0,45.0,24.47018505,84.16390229,6.417011754,57.26773002,watermelon
99.0,5.0,47.0,24.13078816,84.84494575,6.649086972,51.19470197,watermelon
98.0,8.0,51.0,26.1793464,86.52258079,6.25933595,49.43050977,watermelon
108.0,22.0,46.0,26.17668721,86.72952049999998,6.121168559,53.33484977,watermelon
119.0,7.0,55.0,26.03867719,84.6378378,6.031424482,44.3993381,watermelon
117.0,27.0,48.0,26.53259325,82.39053979,6.835268183999999,54.30660782,watermelon
109.0,10.0,53.0,26.81938687,87.8274604,6.5517503060000015,46.06193778,watermelon
80.0,16.0,46.0,25.50405534,81.40297428,6.940236218,48.47833278,watermelon
100.0,18.0,52.0,26.20234499,80.38266489,6.87606733,56.47941847,watermelon
91.0,7.0,53.0,25.13735887,89.28272716,6.457216535,43.52897517,watermelon
86.0,6.0,53.0,25.92030221,83.47202566,6.921847887999999,42.10681516,watermelon
107.0,5.0,52.0,26.6634609,89.98405233,6.8814257460000015,57.40847165,watermelon
103.0,16.0,49.0,24.06731461,81.64075303,6.915717008,51.75212401,watermelon
101.0,20.0,48.0,24.6774157,82.75411437,6.206247493999999,57.05709413,watermelon
85.0,25.0,47.0,26.11440416,87.64081095,6.29542477,58.48160844,watermelon
84.0,7.0,51.0,26.81530456,87.65694462,6.399669044,55.74073582,watermelon
102.0,28.0,54.0,25.15623099,80.27525115,6.862157042000001,55.49541453,watermelon
98.0,25.0,52.0,25.2801372,83.15393658,6.224066378,49.29456609,watermelon
97.0,25.0,50.0,26.22005978,80.90127035,6.093814669,49.08553937,watermelon
90.0,16.0,45.0,24.92093261,80.61750795,6.291540277999999,50.55710813,watermelon
95.0,12.0,46.0,26.21667586,81.01009354,6.32281728,54.65423596,watermelon
82.0,23.0,49.0,26.81383586,87.21986949,6.873283991,51.70497792,watermelon
82.0,25.0,51.0,24.31334971,87.47409052,6.074209622000001,48.11248366,watermelon
110.0,28.0,46.0,24.29105004,88.04541346,6.49889585,51.26046418,watermelon
118.0,21.0,51.0,24.42998931,86.33904774,6.678805092,48.58241822,watermelon
120.0,20.0,45.0,25.66576039,88.6984228,6.114128685,54.22722466,watermelon
91.0,7.0,52.0,25.07803672,83.46230461,6.405054243,56.39962921,watermelon
81.0,6.0,55.0,24.88910524,85.87059083,6.110142735,51.70699144,watermelon
101.0,13.0,54.0,25.42900869,82.91481799,6.828982708,56.34144589,watermelon
101.0,17.0,55.0,24.37118217,87.1269128,6.451499763999999,44.63907691,watermelon
111.0,6.0,53.0,26.493064500000006,88.59143088,6.313512998999999,46.06382209,watermelon
107.0,10.0,49.0,25.83202912,89.00481725,6.755192025,45.24690619,watermelon
115.0,11.0,46.0,24.41592661,89.39655519,6.623167177000001,40.32161859,watermelon
84.0,25.0,52.0,24.37190239,81.2514818,6.12532356,44.20899581,watermelon
120.0,7.0,47.0,24.24782473,83.03687902,6.653867608,54.76576239999999,watermelon
91.0,12.0,46.0,24.64458469,85.49938185,6.343942518,48.31219031,watermelon
89.0,22.0,52.0,24.89681131,86.10782926,6.217300786,53.14626213,watermelon
113.0,19.0,46.0,25.41864024,81.12122989,6.286387658,49.52320689,watermelon
97.0,22.0,50.0,26.26028739,86.14585891,6.769893799999998,58.97878791,watermelon
117.0,30.0,50.0,24.90123934,87.20772913,6.744966312000001,46.59207341,watermelon
90.0,14.0,52.0,24.84740848,89.20454622,6.391858432,59.67927244,watermelon
104.0,23.0,47.0,26.98212846,86.70068316,6.770434148,42.91292205,watermelon
81.0,16.0,45.0,26.90435747,86.25426228,6.727468157000001,59.75980023,watermelon
88.0,5.0,47.0,25.86475496,86.67468041,6.662244646,41.16554802,watermelon
92.0,7.0,45.0,26.70607759,81.14149505,6.944640222,51.51033554,watermelon
81.0,18.0,50.0,26.44019475,80.91934337,6.507110986,47.81847573,watermelon
111.0,5.0,55.0,26.283443,84.42478917,6.520663422,50.78669728,watermelon
108.0,23.0,51.0,26.84366082,83.85039964,6.106500787000001,40.228644,watermelon
113.0,30.0,50.0,26.03967219,83.9862443,6.277484042999999,43.87712348,watermelon
83.0,10.0,53.0,24.92994759,85.00802358,6.195142279,48.75859458,watermelon
101.0,11.0,51.0,25.50736962,84.24340241,6.792035575,44.2068997,watermelon
114.0,21.0,55.0,25.4438391,87.93923120000002,6.472756256,57.51549686,watermelon
99.0,6.0,45.0,26.12588914,86.5507939,6.000975617000001,40.71210074,watermelon
92.0,20.0,55.0,25.10474753,87.52676159999999,6.5877912620000005,59.26519444,watermelon
92.0,7.0,48.0,26.27520631,86.63249555,6.956508826,54.38748495,watermelon
91.0,24.0,55.0,26.27061608,83.09194521,6.259086582999999,46.76837499,watermelon
110.0,21.0,54.0,26.73690828,87.82430156,6.747537642,47.46447019,watermelon
112.0,25.0,51.0,25.04746944,85.5667282,6.932537231,56.72496677,watermelon
89.0,25.0,54.0,24.69368934,85.56967628,6.353107392999999,48.99390828,watermelon
100.0,10.0,53.0,24.54356968,84.60808277,6.211748957,42.00660251,watermelon
83.0,22.0,54.0,25.89762315,81.96664832,6.277245253999999,54.49960057,watermelon
95.0,14.0,50.0,26.6333118,84.31756844,6.560443519,56.31866159,watermelon
119.0,30.0,49.0,25.35794749,80.45846265,6.903020221,47.72078245,watermelon
97.0,12.0,47.0,25.28784623,89.63667876,6.765094963999998,58.28697664,watermelon
110.0,7.0,45.0,26.63838589,84.69546874,6.189213927000001,48.32428609,watermelon
96.0,18.0,50.0,25.3310446,84.30533791,6.904241707000001,41.53218699,watermelon
83.0,23.0,55.0,26.89750174,83.89241484,6.463271076,43.97193745,watermelon
120.0,24.0,47.0,26.98603693,89.4138489,6.260838965,58.54876687,watermelon
115.0,17.0,55.0,27.57826922,94.11878202,6.776533055,28.08253201,muskmelon
114.0,27.0,48.0,27.82054812,93.03555162,6.528404377999999,26.32405487,muskmelon
101.0,25.0,52.0,29.09910406,94.22237826,6.750145572,22.52497327,muskmelon
118.0,18.0,52.0,28.04943594,90.83130708,6.562832807,20.76223014,muskmelon
95.0,26.0,45.0,29.91690582,94.55695552,6.117530021,28.16057247,muskmelon
81.0,25.0,49.0,29.86895762,93.25103208,6.076459669,26.26243014,muskmelon
117.0,24.0,53.0,29.17220859,92.21405224,6.293486295,21.30290472,muskmelon
114.0,30.0,51.0,29.24908541,90.06998135,6.069171847000001,25.93496537,muskmelon
113.0,6.0,52.0,27.76317235,90.35567642,6.740983646,25.21609113,muskmelon
108.0,26.0,52.0,28.82629037,94.26765349,6.201797639,26.23838511,muskmelon
81.0,30.0,48.0,28.52379742,92.09688432,6.041027474,29.86681385,muskmelon
115.0,9.0,52.0,29.06785065,90.97685539,6.019372459,29.1194739,muskmelon
83.0,7.0,45.0,29.08417927,90.73891887,6.704104127000001,25.33014238,muskmelon
84.0,21.0,55.0,28.47090661,94.79453182,6.494251024,21.08484101,muskmelon
109.0,26.0,45.0,28.27973674,90.38971208,6.224535448999998,21.58992507,muskmelon
95.0,27.0,55.0,28.47212559,91.21322065,6.160414414,20.88620369,muskmelon
119.0,5.0,55.0,29.68846716,94.30111601,6.168757984,26.83924845,muskmelon
110.0,14.0,51.0,27.02415146,91.66737633,6.085444691,21.26034986,muskmelon
82.0,18.0,48.0,29.09588297,94.16748386,6.1590508160000015,26.70581328,muskmelon
87.0,14.0,48.0,29.69238699,92.58862544,6.606033244,29.1102594,muskmelon
85.0,9.0,53.0,28.20619412,92.86798698,6.447662945,28.78654515,muskmelon
100.0,6.0,53.0,29.05248036,93.92217834,6.105909623,23.66620626,muskmelon
107.0,12.0,46.0,29.57240298,93.61870344,6.559763394,27.56918621,muskmelon
91.0,13.0,47.0,29.10968327,92.43510994,6.14410903,27.95602304,muskmelon
102.0,25.0,50.0,28.20480805,92.91440379,6.099662369,20.36001144,muskmelon
117.0,25.0,53.0,29.11858526,92.12543021,6.413927319,24.52020164,muskmelon
85.0,21.0,52.0,29.62800691,90.10051615,6.0751441160000015,23.69586761,muskmelon
104.0,25.0,55.0,29.81196601,90.36881284,6.123802502,22.68766503,muskmelon
102.0,24.0,54.0,27.72338349,90.93897939,6.698468621,22.81863447,muskmelon
116.0,25.0,50.0,29.26092798,92.92367701,6.088885814,28.70627683,muskmelon
100.0,17.0,48.0,29.72791119,94.29753295,6.367800632000001,26.52364146,muskmelon
110.0,25.0,54.0,28.91105641,90.78413842,6.425930938,23.44398467,muskmelon
104.0,25.0,51.0,28.96361426,93.88482153,6.469983276000002,23.56130173,muskmelon
107.0,11.0,54.0,28.59052369,91.33617236,6.094016337999999,29.44008034,muskmelon
98.0,26.0,52.0,27.33897716,90.69759008,6.150090898999999,28.69113835,muskmelon
88.0,17.0,52.0,29.90415889,90.75284363,6.646962425,25.37828397,muskmelon
87.0,25.0,46.0,27.42711692,90.02696201,6.379690748,21.7508774,muskmelon
120.0,8.0,46.0,29.55657523,90.70937262,6.732834334,28.36535596,muskmelon
95.0,13.0,46.0,29.84070774,93.76312893,6.126019932,23.28207838,muskmelon
108.0,22.0,47.0,28.53545677,91.72742702,6.161123579,25.1290048,muskmelon
82.0,13.0,52.0,27.11535046,94.86907886,6.442810053,26.51924782,muskmelon
120.0,23.0,55.0,27.84492803,91.60666594,6.732049075,26.47844429,muskmelon
110.0,22.0,47.0,29.03157242,91.82172592,6.243673725,24.93861254,muskmelon
95.0,23.0,45.0,27.82424457,90.56698742,6.266208727,21.19014526,muskmelon
106.0,10.0,49.0,27.72653142,92.00687531,6.350623739,20.21126747,muskmelon
99.0,12.0,52.0,28.69708334,94.30759855,6.002927293,22.21807088,muskmelon
106.0,20.0,51.0,29.73019662,90.97015715,6.342573112,20.49035619,muskmelon
83.0,11.0,53.0,29.54097171,92.91778307,6.163921247999999,21.9653077,muskmelon
117.0,19.0,55.0,28.80311922,91.78336933,6.121745389,25.16359891,muskmelon
98.0,26.0,49.0,27.29035669,90.53330091,6.130160472999999,23.49535234,muskmelon
113.0,20.0,48.0,27.46583649,94.87679041,6.440584681,27.27899847,muskmelon
101.0,17.0,47.0,29.49401389,94.72981338,6.185053234,26.30820876,muskmelon
98.0,7.0,45.0,27.79161808,92.51054946,6.157724816,26.85422624,muskmelon
93.0,22.0,48.0,29.12533739,91.52291141,6.776987974,21.90440445,muskmelon
95.0,21.0,47.0,27.93114233,93.56161439,6.431970877,20.66127836,muskmelon
109.0,12.0,48.0,29.45771748,92.12534736,6.708743843,20.76212031,muskmelon
118.0,12.0,47.0,27.96872279,92.17444796,6.010739645,28.94766949,muskmelon
100.0,14.0,49.0,29.48882958,91.07574233,6.365956657999999,26.01909355,muskmelon
89.0,9.0,47.0,29.47156259,90.77069618,6.6683827660000015,28.75226067,muskmelon
95.0,16.0,46.0,27.076726500000003,90.14362622,6.74669542,24.4514648,muskmelon
95.0,7.0,45.0,27.30008597,90.80015308,6.031665834,25.09484511,muskmelon
87.0,6.0,45.0,29.82729394,90.79007335,6.40077205,22.84203589,muskmelon
93.0,20.0,50.0,29.93061247,93.22980899,6.448792688999999,24.34814338,muskmelon
84.0,29.0,49.0,29.94349168,93.90741192,6.251420275,20.39020503,muskmelon
111.0,5.0,47.0,28.03306461,91.47355778,6.2744528110000015,21.17924769,muskmelon
111.0,5.0,52.0,29.8843055,94.0371147,6.135996372,21.0000988,muskmelon
111.0,15.0,54.0,27.7058373,92.91185695,6.194090172,22.06207161,muskmelon
89.0,11.0,47.0,29.78714005,94.65343534,6.327822962000001,27.8659442,muskmelon
110.0,15.0,48.0,28.57819995,92.86597437,6.2125672110000005,27.598717800000006,muskmelon
95.0,30.0,52.0,29.48069921,90.33698678,6.640470862999999,26.0365768,muskmelon
115.0,12.0,52.0,27.51492243,94.96218673,6.685553129,21.01796432,muskmelon
120.0,25.0,50.0,28.05457761,94.81637388,6.327210469,21.84869328,muskmelon
102.0,11.0,45.0,29.03167341,93.12603235,6.35544263,24.15591199,muskmelon
94.0,5.0,55.0,28.5854649,91.89216849,6.085682343999999,26.88372572,muskmelon
84.0,18.0,46.0,27.08808014,93.42402083,6.781050372999999,25.32159689,muskmelon
107.0,22.0,54.0,27.99611732,90.84660317,6.630301421,21.61893763,muskmelon
80.0,18.0,52.0,27.87317436,91.14849627,6.484799661,24.05207925,muskmelon
86.0,18.0,45.0,28.96586565,90.71832938,6.566759102000001,22.25838137,muskmelon
113.0,28.0,48.0,28.87726019,92.48839665,6.170520517999999,24.44267592,muskmelon
115.0,18.0,53.0,29.17052093,94.19790371,6.0124803510000016,22.06994464,muskmelon
82.0,20.0,54.0,29.34033587,90.01506395,6.541150335,21.44532907,muskmelon
98.0,22.0,47.0,29.07265321,91.91533173,6.341400922,28.83568362,muskmelon
117.0,25.0,54.0,28.68275966,92.50969311,6.150686363999999,29.11187663,muskmelon
83.0,15.0,49.0,28.92705913,91.39356832,6.438008152999999,23.20076686,muskmelon
120.0,16.0,51.0,27.99901833,91.64193051,6.547041902999999,23.28618248,muskmelon
111.0,5.0,50.0,27.59350075,91.79742953,6.399891457000001,24.84266123,muskmelon
85.0,21.0,47.0,29.87331077,90.60932469,6.186770318,24.69720481,muskmelon
90.0,23.0,54.0,28.55852465,90.45773041,6.159020864,27.26588346,muskmelon
99.0,29.0,55.0,29.19378695,91.46241065,6.660954816,26.48240255,muskmelon
102.0,11.0,47.0,27.98780984,92.78226196,6.504906978999999,27.14509034,muskmelon
80.0,18.0,51.0,28.05380704,91.81758779,6.706053225,20.76582087,muskmelon
87.0,21.0,52.0,27.350629600000005,94.29119509999998,6.067665497999999,27.21244021,muskmelon
114.0,8.0,52.0,29.34081108,94.5513539,6.419083092,28.22908103,muskmelon
99.0,6.0,46.0,28.61475136,94.22253035,6.39637861,28.98574189,muskmelon
89.0,25.0,50.0,27.04863538,91.34685096,6.375923383,25.08146686,muskmelon
96.0,13.0,55.0,29.5275305,94.57459443,6.700337732,21.13545688,muskmelon
82.0,26.0,47.0,28.50416396,93.46806467,6.565312652999999,24.20007242,muskmelon
106.0,21.0,52.0,28.89578588,94.78993038,6.286515359,23.0362503,muskmelon
90.0,15.0,52.0,27.04927452,91.3821731,6.448061578,23.65747461,muskmelon
106.0,16.0,54.0,28.96017885,91.69532178,6.585872508,24.7458198,muskmelon
24.0,128.0,196.0,22.75088787,90.69489172,5.521466996,110.4317855,apple
7.0,144.0,197.0,23.8494014,94.34814995,6.133220586,114.0512495,apple
14.0,128.0,205.0,22.60800988,94.58900601,6.226289556,116.0396587,apple
8.0,120.0,201.0,21.18667419,91.13435689,6.321152192,122.233323,apple
20.0,129.0,201.0,23.41044706,91.69913296,5.587905967,116.07779309999998,apple
32.0,137.0,204.0,22.86006627,93.12859895,5.824151692999999,117.7296726,apple
27.0,139.0,205.0,22.48403042,93.40819246,5.7721799460000005,105.5473627,apple
0.0,123.0,205.0,22.02775403,92.96129462,5.790993052,121.1349176,apple
22.0,144.0,196.0,21.91191314,91.68748063,6.4992268210000015,117.0761277,apple
1.0,124.0,199.0,23.71059131,93.27392415,5.658473817000001,112.66765890000002,apple
30.0,122.0,197.0,21.37784654,92.72043743,5.573241391,106.1417017,apple
29.0,121.0,196.0,22.84852833,94.32130209,6.079497202000001,123.5977843,apple
13.0,126.0,204.0,23.1094265,92.79630809,6.3831802710000005,108.183792,apple
9.0,139.0,199.0,23.25230817,94.54128292,5.867420996,105.3558408,apple
0.0,133.0,200.0,23.67287749,90.4935574,5.708418722,104.2298028,apple
30.0,143.0,199.0,23.76881552,90.59810302,5.7983508000000015,102.2648546,apple
36.0,140.0,198.0,23.34386401,91.47684705,6.28188384,104.4267991,apple
37.0,137.0,199.0,22.63946441,90.18451645,5.697945522,108.3405879,apple
33.0,121.0,203.0,22.45696744,94.76285385,5.6059340870000005,114.8407725,apple
7.0,144.0,195.0,22.96388477,93.58065995,5.85648105,104.64729859999998,apple
35.0,128.0,205.0,21.07273439,93.56585985,6.041053829,107.8737015,apple
29.0,128.0,198.0,22.44075021,92.70785115,5.685062404,121.4977331,apple
2.0,143.0,196.0,22.71271308,90.45261746,5.669489065,109.8852597,apple
34.0,140.0,198.0,21.70416965,93.44006288,5.751707342,115.1781396,apple
29.0,144.0,204.0,22.43324518,92.48667725,5.800448951,119.1025189,apple
32.0,141.0,203.0,21.25941052,92.84416234,5.821347769,109.06584709999998,apple
13.0,144.0,197.0,22.9215706,94.89613443,6.28022267,105.6941544,apple
25.0,143.0,198.0,22.81212536,91.51861705,6.027314401,107.855225,apple
9.0,137.0,200.0,21.12152071,90.6878768,5.636687393,102.8017203,apple
6.0,144.0,198.0,21.11478672,90.31528693,5.559363609,104.5086618,apple
37.0,126.0,196.0,23.59997268,90.97597665,5.596449493,107.17281909999998,apple
2.0,120.0,203.0,23.12652652,94.71203306,5.893492998999999,108.62118329999998,apple
11.0,143.0,197.0,22.98458907,93.3204487,5.875718516,122.1952483,apple
10.0,141.0,201.0,22.12659387,90.97818277,6.386021424,104.5412275,apple
24.0,142.0,202.0,22.53779727,91.48135786,5.710819862,101.8474768,apple
23.0,138.0,195.0,22.49095104,91.70292746,5.7959857160000015,124.3915101,apple
18.0,125.0,204.0,22.35548159,94.47811755,6.046673619,116.7366261,apple
13.0,121.0,196.0,22.20700989,93.50574163,6.443382913,120.1593771,apple
26.0,122.0,202.0,22.44516988,94.73763514,5.617227184,107.1843273,apple
28.0,123.0,202.0,22.76643029,92.12438519,6.442289294,120.4359949,apple
26.0,121.0,201.0,22.19109412,90.02575116,6.162034371,112.3126628,apple
21.0,137.0,196.0,23.6119202,91.70293849,5.812781806,123.5900822,apple
21.0,135.0,198.0,23.86087054,94.92048112,5.7650151260000015,105.0241329,apple
5.0,144.0,205.0,21.42177231,92.62665309,6.184922574,102.8045658,apple
2.0,123.0,205.0,22.36629253,90.78572467,5.739652177000001,124.9831618,apple
15.0,133.0,199.0,23.99686172,91.61001707,5.8247786360000005,117.6102915,apple
31.0,130.0,198.0,21.80129837,92.73446667,5.554823557000001,120.05866709999998,apple
25.0,143.0,200.0,23.80436344,92.80441624,6.024248787,100.6192543,apple
16.0,143.0,204.0,23.71475278,91.53331177,5.631333387000001,121.8961665,apple
19.0,122.0,202.0,23.34467359,90.37981478,5.811975094,112.8954016,apple
10.0,125.0,196.0,22.31253665,90.03577124,5.730557448,113.0688155,apple
20.0,139.0,202.0,23.50201428,92.21083961,5.66999105,107.9868949,apple
28.0,123.0,198.0,23.46260321,91.45665004,5.682751473,111.7763395,apple
28.0,136.0,200.0,23.06204373,92.39544055,6.245858905,114.7399101,apple
2.0,131.0,199.0,22.47420512,91.22759742,6.017370134,124.2179699,apple
2.0,140.0,197.0,22.69780133,92.82223419,5.53456749,105.0508234,apple
27.0,138.0,201.0,23.66682067,93.90191078,5.952367662,105.4004751,apple
30.0,127.0,204.0,22.50050273,92.45878335,6.126436584,100.9343903,apple
32.0,145.0,203.0,23.83053666,90.84422164,6.406818518,109.5966791,apple
29.0,139.0,205.0,23.64142354,93.74461474,6.155939452999999,116.6912176,apple
26.0,126.0,195.0,21.41363812,92.99124545,5.878568981,118.3979065,apple
40.0,136.0,202.0,22.85267372,94.57645809999998,5.935336307999999,117.53140259999998,apple
6.0,124.0,200.0,22.98208095,93.84505029,5.971332179,109.5852253,apple
35.0,138.0,200.0,21.19909519,90.80819418,5.67130617,103.6838922,apple
17.0,136.0,196.0,23.87192332,90.49939035,5.882155987999999,103.0548094,apple
33.0,134.0,205.0,21.0365275,94.33919546,6.08551916,114.7412734,apple
16.0,143.0,197.0,22.61711614,93.51978375,5.90402645,116.9256766,apple
27.0,120.0,200.0,21.45278675,90.74531921,6.1102188260000005,116.7036582,apple
29.0,145.0,205.0,22.81227579,92.12992101,6.212302608,109.3383552,apple
3.0,141.0,197.0,21.98141856,91.12719303,6.142803397000001,115.4789148,apple
15.0,123.0,204.0,22.52709326,92.54780429,6.365972687999999,115.3830068,apple
5.0,136.0,195.0,22.35628673,91.92360477,6.264202804,107.7697413,apple
10.0,136.0,204.0,21.19852186,92.15595143,6.276198595,105.8554351,apple
7.0,141.0,195.0,23.8812458,93.45067555,5.514253142,104.9116663,apple
2.0,129.0,201.0,22.78234161,94.36803516,5.682343744,122.1449949,apple
29.0,138.0,197.0,22.19055385,92.43764169,5.830892252000001,121.6622761,apple
30.0,137.0,200.0,22.91430043,90.70475565,5.603413172000001,118.6044645,apple
29.0,132.0,204.0,23.08950736,90.22507299,6.0967531,108.2166601,apple
14.0,139.0,197.0,21.72484506,92.83975602,6.056529526,121.6961761,apple
18.0,125.0,203.0,22.44307715,91.59234006,6.160267496,102.5565807,apple
33.0,143.0,204.0,21.1316077,91.95769858,5.814434775,122.5391946,apple
40.0,144.0,196.0,22.71750705,92.25479855,5.987262638,107.0289866,apple
9.0,143.0,197.0,23.75033085,92.88160462,5.570020684,117.6602827,apple
38.0,135.0,203.0,23.76121837,93.661643,5.9655513110000005,100.825956,apple
28.0,130.0,196.0,22.13450646,94.67695747,6.062356467000001,112.9203223,apple
35.0,142.0,203.0,21.17089176,90.23730166,5.895319002000001,123.6495149,apple
12.0,129.0,205.0,22.36238282,91.15761594,6.119432215,118.68327250000002,apple
1.0,135.0,203.0,22.77856513,92.70124029,5.624203283,113.7759219,apple
0.0,145.0,205.0,21.22503442,90.09877774,5.52078314,113.9760462,apple
31.0,121.0,201.0,23.15791104,90.34396882,5.731535257999999,110.712841,apple
35.0,131.0,203.0,22.42776057,93.91722423,5.893490899,102.7230739,apple
29.0,140.0,195.0,23.64082979,90.95257927,5.560521058,116.7431319,apple
33.0,138.0,198.0,22.29423493,90.69033986,6.222390797999999,122.7418744,apple
14.0,140.0,197.0,23.35225078,90.90054697,6.071255131,113.0381382,apple
35.0,145.0,195.0,22.03911546,94.58075845,6.231950009,110.9804014,apple
40.0,120.0,197.0,23.80593812,92.48879468,5.889480679,119.6335548,apple
25.0,132.0,198.0,22.31944084,90.85174383,5.732757516,100.1173443,apple
31.0,137.0,196.0,22.14464104,93.82567435,6.400321212000001,120.6310784,apple
36.0,144.0,196.0,23.65167552,94.50528753,6.496934492,115.3611268,apple
10.0,140.0,197.0,22.16939473,90.27185592,6.229498836,124.4683112,apple
22.0,30.0,12.0,15.78144173,92.51077745,6.354006743999999,119.035002,orange
37.0,6.0,13.0,26.03097313,91.50819306,7.511755067999999,101.2847738,orange
27.0,13.0,6.0,13.36050601,91.35608208,7.335158382,111.2266885,orange
7.0,16.0,9.0,18.87957654,92.04304496,7.813916602999999,114.6659511,orange
20.0,7.0,9.0,29.47741671,91.57802915,7.1291369410000005,111.1727497,orange
26.0,27.0,10.0,28.06903173,92.91487288,6.079998496,114.1339416,orange
5.0,23.0,15.0,25.66901098,92.04670813,7.408939392000001,112.5424199,orange
0.0,18.0,14.0,29.77149434,92.00719952,7.207991261,114.41617859999998,orange
39.0,24.0,14.0,30.55472573,90.90343769,7.189259647,106.0711985,orange
13.0,23.0,6.0,23.96147583,90.26408017,7.365338111,102.6958703,orange
21.0,17.0,15.0,23.98289638,91.5473145,7.455991072000001,118.4901697,orange
33.0,12.0,8.0,25.26052689,90.31153735,6.822282114,117.36952959999998,orange
6.0,9.0,12.0,31.08368929,90.14362642,7.028746406000002,109.6894658,orange
19.0,7.0,10.0,14.78003032,91.22062116,6.118430299,100.1961762,orange
24.0,18.0,6.0,26.56608303,94.45239715,6.285312759,116.3796525,orange
9.0,11.0,8.0,24.85903405,94.39000473,6.559236744,111.78037340000002,orange
31.0,8.0,7.0,34.51465139,93.63812684,7.163245982,103.5684926,orange
22.0,17.0,5.0,24.12188673,90.72351622,6.945562889,102.835632,orange
13.0,5.0,8.0,23.85340379,90.10522549,7.474710503,103.923226,orange
16.0,8.0,9.0,24.60297538,91.28408653,7.601189842999999,111.2948115,orange
4.0,13.0,6.0,15.63211033,94.25966183,7.5611432239999985,101.4705704,orange
0.0,25.0,14.0,19.33516809,91.97978938,6.361671475,116.450422,orange
8.0,7.0,10.0,28.2620488,91.98317355,6.929216014,105.2132259,orange
4.0,23.0,5.0,22.67594476,93.36348717,7.477935216,110.3332655,orange
33.0,14.0,8.0,21.03200078,92.9641969,7.684420446,110.6823944,orange
30.0,7.0,15.0,33.23453301,91.06053924,7.825531916,115.7659902,orange
21.0,29.0,12.0,22.30318989,92.15987039,6.438668989,117.3688104,orange
11.0,14.0,5.0,11.50322938,94.8933184,6.946354724,115.56837759999998,orange
9.0,8.0,15.0,14.34320488,94.35734702,7.994465371,110.22231229999998,orange
5.0,18.0,14.0,33.105698100000005,93.48447453,7.434118807000001,119.1709113,orange
29.0,25.0,14.0,30.49183837,90.4582865,7.781988584,113.3302105,orange
33.0,12.0,15.0,30.25578031,92.03272799,6.052318465,116.7173125,orange
8.0,16.0,6.0,12.22816189,90.26457428,7.106650373,108.4161706,orange
15.0,14.0,8.0,10.01081312,90.22399223,6.22094286,119.3941064,orange
16.0,7.0,8.0,22.79196751,90.60901895,6.420457311,116.5084074,orange
0.0,12.0,7.0,20.18432263,90.65458473,6.969249676,116.8130969,orange
5.0,25.0,6.0,30.72119881,94.01331956,6.0113021810000005,106.8118019,orange
6.0,8.0,11.0,24.35590861,92.39651663,6.600948787999999,119.6946577,orange
10.0,5.0,5.0,21.21306973,91.35349216,7.817846496,112.9834361,orange
1.0,17.0,6.0,10.78689755,91.38411917,6.8198271,117.5293447,orange
1.0,30.0,10.0,11.89925671,91.34663797,7.291405641,103.5771468,orange
0.0,23.0,15.0,22.56664172,93.37488907,7.598729065,109.8585753,orange
24.0,27.0,9.0,18.86883219,93.24688124,6.157135092000001,119.3936976,orange
36.0,11.0,13.0,17.34083741,93.04897191,7.1917274,112.7194284,orange
40.0,21.0,8.0,34.90665289,92.87820148,7.418761774,102.1906333,orange
40.0,22.0,6.0,24.53610067,91.90997228,6.488221135,115.9787989,orange
32.0,18.0,13.0,13.8377282,91.74780462,6.044167236,107.9873218,orange
9.0,10.0,10.0,22.3551049,93.52211892,6.010391864,101.5164589,orange
13.0,16.0,8.0,34.74004942,93.12316972,6.949838549,100.1967854,orange
15.0,9.0,11.0,11.54785707,94.14861001,7.907956251,108.82891709999998,orange
29.0,11.0,5.0,23.13338811,91.94670335,7.639788459,104.4224145,orange
1.0,15.0,9.0,29.98364695,94.55239717,7.53350946,115.3560318,orange
18.0,5.0,11.0,20.87947369,90.93756231,6.251586885,102.4550786,orange
14.0,22.0,9.0,17.24944623,91.13772765,6.543191814,112.50905159999998,orange
33.0,15.0,7.0,15.83388699,91.68293851,7.651225301,109.7571416,orange
4.0,6.0,7.0,23.01014302,91.11764246,6.708889665,112.6738296,orange
17.0,16.0,14.0,16.39624284,92.18151927,6.625538653,102.944161,orange
12.0,20.0,10.0,24.45132792,93.10527686,6.528354932,109.4711098,orange
34.0,29.0,8.0,31.87859192,91.15248149,6.450640306,105.3437825,orange
39.0,28.0,10.0,31.34920143,91.48247612,7.181907673,109.1549823,orange
31.0,25.0,12.0,18.05142392,90.03969587,7.016482298,111.7793889,orange
12.0,6.0,8.0,30.84835031,92.86773675,6.388617138,107.4142681,orange
12.0,29.0,13.0,22.45616931,91.52781832,7.57125447,118.0069295,orange
26.0,11.0,11.0,13.70319166,90.95589386,7.609348255,106.2944879,orange
19.0,24.0,15.0,20.48954522,93.72485075,7.137136973,111.83919509999998,orange
39.0,21.0,9.0,13.20844373,94.02769434,6.354022554,106.2696156,orange
16.0,29.0,13.0,32.31944397,93.67804556,6.196907944,117.6236473,orange
36.0,29.0,13.0,20.68185224,90.91510525,7.829507245,109.7513927,orange
37.0,23.0,12.0,31.52675982,90.50621806,6.395258356,113.1169398,orange
39.0,9.0,15.0,25.35467646,91.81183218,7.992041984,116.7555937,orange
31.0,5.0,14.0,17.66545409,91.69865887,6.583411671,110.6857506,orange
18.0,12.0,8.0,12.59093977,91.81668769,6.206053072,119.39167179999998,orange
20.0,20.0,10.0,11.86631922,93.68394562,6.976997772000001,106.060149,orange
5.0,8.0,5.0,11.03367937,92.22706805,6.562594972,112.7715925,orange
20.0,8.0,12.0,25.2990432,94.96419851,7.260416405,117.9733424,orange
25.0,21.0,11.0,32.23797837,90.15406807,6.460044777999999,104.7052254,orange
14.0,19.0,14.0,17.68408797,94.35815354,6.699164936,108.0638166,orange
37.0,18.0,12.0,10.2708877,90.19147747,7.401121811,106.69552040000002,orange
26.0,15.0,6.0,17.22034507,94.78797376,6.912033409,108.0054343,orange
13.0,22.0,5.0,19.667056,90.50096668,7.764040111,100.1737964,orange
32.0,25.0,9.0,10.35609594,93.75652041,7.796034006,101.1456947,orange
19.0,7.0,9.0,27.255435,91.71369387,6.969883482999999,101.139435,orange
28.0,7.0,9.0,34.591784600000004,92.13229786,6.730757538,115.5650287,orange
24.0,30.0,11.0,32.39523995,94.51768464,6.601395755,113.25373,orange
7.0,17.0,10.0,10.16431299,91.22320999,6.465913274,106.362551,orange
18.0,23.0,8.0,21.49118657,93.43949693,6.41354791,101.4819888,orange
7.0,20.0,12.0,16.53460397,94.76759975,6.475275337,110.0447896,orange
20.0,23.0,11.0,31.8520694,90.12220323,6.407715561,109.9455062,orange
18.0,14.0,11.0,28.04799508,90.00621688,6.550814117000001,117.1311498,orange
34.0,11.0,10.0,31.75048899,94.59551226,7.36220835,115.1989301,orange
20.0,29.0,10.0,29.07412717,93.27189064,7.36549204,100.7896871,orange
37.0,24.0,13.0,19.14381903,90.71037456,7.8546243,108.0230792,orange
12.0,8.0,10.0,16.14820285,91.4448027,7.995848977,107.4287664,orange
34.0,10.0,14.0,34.05296914,92.05811721,6.725600855,116.8020848,orange
6.0,13.0,9.0,34.51423957,90.56151463,7.786725333,118.32719679999998,orange
27.0,30.0,5.0,32.71748548,90.54608254,7.656978112000001,113.328978,orange
13.0,8.0,12.0,25.16296632,92.54736032,7.105904818,114.3117197,orange
6.0,7.0,7.0,27.68167318,94.47316879,7.199106204,113.9995146,orange
40.0,17.0,15.0,21.35093384,90.9492967,7.871063004,107.0862095,orange
31.0,26.0,9.0,11.69894639,93.25638873,7.566165721,103.2005992,orange
61.0,68.0,50.0,35.21462816,91.49725058,6.7932454170000005,243.0745066,papaya
58.0,46.0,45.0,42.39413392,90.79028064,6.576261427,88.46607497,papaya
45.0,47.0,55.0,38.4191628,91.14220381,6.751452932,119.2653877,papaya
39.0,65.0,53.0,35.33294932,92.11508608,6.560743092999999,235.6133585,papaya
31.0,68.0,45.0,42.92325255,90.07600528,6.938313356,196.2408242,papaya
70.0,68.0,45.0,33.83508569,92.85470152,6.991626158,203.4044028,papaya
68.0,62.0,50.0,33.20258348,92.76437927,6.977700268,197.5282582,papaya
34.0,65.0,47.0,23.48546973,93.71043692,6.833768535,191.7760562,papaya
38.0,68.0,54.0,29.33710543,90.81781439,6.739170045,202.0572747,papaya
69.0,64.0,47.0,40.21199348,94.50766912,6.993473247000001,186.6762324,papaya
58.0,51.0,47.0,42.13473976,91.70445386,6.757470637000001,197.402901,papaya
59.0,47.0,53.0,32.86316618,91.4618874,6.8506632320000005,47.271547,papaya
44.0,64.0,54.0,29.80744318,91.38048469,6.74274935,232.7046126,papaya
56.0,57.0,48.0,31.56213762,93.0484859,6.506120752,63.62250788,papaya
69.0,60.0,54.0,36.32268069,93.06134398,6.98992719,141.1736926,papaya
56.0,58.0,49.0,37.13165026,94.60761797,6.69215564,172.47880619999995,papaya
49.0,55.0,53.0,38.4418717,93.63739039,6.544029776,77.71566883,papaya
38.0,51.0,52.0,32.66160599,90.78931681,6.927803911,78.85085502,papaya
54.0,65.0,47.0,27.92765919,91.55594211,6.721835879,149.91075569999995,papaya
57.0,57.0,51.0,39.01793345,91.48815629,6.99223441,105.8841531,papaya
39.0,52.0,53.0,32.51247398,94.65904123,6.704204398,51.07048113,papaya
58.0,67.0,45.0,38.72382798,91.72514851,6.702424548,62.62377075,papaya
61.0,64.0,52.0,43.30204933,92.83405443,6.641098708,110.562229,papaya
34.0,62.0,55.0,27.58548913,90.72526502,6.585346229,238.5008779,papaya
31.0,48.0,45.0,40.78881819,92.90951393,6.563134737,132.7923586,papaya
47.0,46.0,52.0,23.19451074,91.40301608,6.502289472999999,206.3999208,papaya
32.0,68.0,52.0,32.68067385,92.61715632,6.800321319,248.8592986,papaya
36.0,59.0,46.0,34.28879307,93.61082872,6.721130542999999,127.2509777,papaya
61.0,51.0,51.0,39.30050027,94.16193416,6.574677594,120.9512466,papaya
70.0,54.0,46.0,39.73149053,91.12220596,6.919342407,122.7628653,papaya
44.0,56.0,49.0,39.23342464,91.25589286,6.519779582999999,64.4478499,papaya
34.0,68.0,51.0,27.34734861,94.17756725,6.687088097999999,40.35153141,papaya
50.0,59.0,47.0,40.76998685,92.09278584,6.747975732,209.8678411,papaya
39.0,70.0,52.0,26.26559543,90.79668055,6.65149129,59.49373381,papaya
34.0,61.0,49.0,28.12971499,93.3210737,6.502675132,117.8201907,papaya
44.0,60.0,55.0,34.2804607,90.55561637,6.825371185,98.54047745,papaya
31.0,62.0,52.0,33.7960155,93.00754254,6.99104104,182.026807,papaya
65.0,62.0,51.0,31.53243779,90.87394933,6.5116248410000015,207.0735119,papaya
44.0,57.0,53.0,42.30495821,90.51431779,6.93172108,74.876786,papaya
50.0,47.0,48.0,24.63676897,90.61964344,6.712772332999999,218.2299187,papaya
43.0,50.0,48.0,28.28222883,91.37059792,6.63016515,179.27208069999998,papaya
60.0,46.0,53.0,24.48620746,92.98254537,6.761953186,183.49095,papaya
70.0,68.0,55.0,42.84609252,94.63548176,6.691202286,78.80996390000001,papaya
59.0,62.0,52.0,43.67549305,93.10887229,6.608667683999999,103.8235658,papaya
60.0,58.0,51.0,42.07213781,92.92203105,6.840802254,165.7412972,papaya
42.0,60.0,47.0,33.46873719,92.12746225,6.834808347999999,136.8277041,papaya
35.0,66.0,47.0,31.7018373,91.66232213,6.953439161,48.83810592,papaya
34.0,65.0,48.0,41.41968393,90.03863107,6.665024507999999,199.3096432,papaya
36.0,54.0,46.0,42.54744013,94.94482086,6.662875839,214.41038480000003,papaya
39.0,64.0,52.0,28.91842453,94.63676767,6.678695788,63.68794608,papaya
37.0,52.0,47.0,43.08022702,93.90305729,6.54277684,211.8529059,papaya
33.0,47.0,46.0,29.20300896,93.96834049,6.839443833,209.4083305,papaya
34.0,48.0,48.0,41.04224355,91.37258067,6.805277038,181.527598,papaya
49.0,54.0,50.0,25.62446619,93.18240298,6.762522087000001,97.26336657,papaya
40.0,65.0,49.0,35.32876402,91.06138506,6.678449317999999,163.9069365,papaya
68.0,52.0,49.0,24.42561272,92.27749066,6.577192175,63.35298768,papaya
50.0,46.0,52.0,31.18298415,90.21646909,6.734005647999999,54.01872359,papaya
65.0,63.0,50.0,31.88342554,91.3256535,6.524459342,79.27201575,papaya
40.0,49.0,47.0,42.93368602,91.1756748,6.501521192,246.36132680000003,papaya
42.0,53.0,48.0,23.11407669,94.31994776,6.758479569,231.5153161,papaya
49.0,55.0,51.0,24.87212063,93.90560147,6.676578778,135.16945249999998,papaya
59.0,62.0,49.0,43.36051537,93.35191636,6.941496806,114.778071,papaya
63.0,58.0,47.0,26.83054058,90.75379971,6.864143752,144.66564440000005,papaya
70.0,65.0,52.0,30.42012134,93.12659793,6.583528529,75.95295,papaya
63.0,50.0,52.0,28.64555584,93.22642604,6.751747609,115.8163936,papaya
40.0,64.0,47.0,32.50037548,93.47888842,6.893509446,71.73759526,papaya
63.0,58.0,50.0,43.03714283,94.6428898,6.720744449,41.5856585,papaya
45.0,58.0,49.0,30.10773379,90.34546355,6.827812549,75.24521981,papaya
66.0,69.0,47.0,23.69212243,93.61055571,6.912299695,87.53393983,papaya
54.0,67.0,52.0,35.67667332,93.30641944,6.586107335,141.3381168,papaya
69.0,67.0,52.0,27.71948962,94.43877142,6.827305908,82.83061083,papaya
67.0,68.0,49.0,35.26824831,92.38282957,6.821774589,149.8488208,papaya
45.0,57.0,47.0,23.16855863,90.78821158,6.656458831,161.68920930000004,papaya
56.0,50.0,52.0,33.08706051,92.25197542,6.770384816,88.1300769,papaya
70.0,50.0,53.0,37.4620912,90.44967809,6.933809742999999,172.3458448,papaya
44.0,47.0,45.0,38.73218907,94.73613484,6.579441304,218.142147,papaya
50.0,60.0,47.0,32.57720726,92.74889453,6.92791761,93.7942847,papaya
52.0,51.0,53.0,38.38231475,93.10378595,6.985804083,210.2735346,papaya
35.0,68.0,45.0,42.93605359,90.09448142,6.612429546,234.8466111,papaya
68.0,69.0,52.0,25.65492304,92.74501561,6.813383387000001,52.95477913,papaya
32.0,55.0,52.0,37.58899717,91.99740365,6.967759599999999,159.6577388,papaya
32.0,55.0,51.0,29.60718808,93.15642801,6.57398033,62.68710535,papaya
48.0,62.0,47.0,25.34756111,93.02871078,6.803094965,174.40123369999995,papaya
39.0,69.0,53.0,25.9300384,93.02357765,6.964955435,241.8202079,papaya
49.0,61.0,45.0,32.76795887,94.57377401,6.764213299,240.4795923,papaya
48.0,57.0,54.0,29.02328049,90.20396783,6.617703177999999,126.8069869,papaya
69.0,66.0,49.0,40.00439101,90.17015833,6.52711001,92.11877372,papaya
53.0,55.0,55.0,33.32315744,91.25271223,6.709668804,234.496633,papaya
38.0,61.0,52.0,31.22790131,94.94021378,6.620729882000001,46.44279118,papaya
57.0,64.0,55.0,26.68386496,92.9585411,6.583760498999999,62.50689682,papaya
51.0,57.0,55.0,24.70528368,90.14732171,6.6764073370000006,108.4103158,papaya
56.0,65.0,45.0,38.2016825,93.97379963,6.751298936,218.09088140000003,papaya
54.0,66.0,52.0,36.56769731,93.79503425,6.867554147000001,104.4218596,papaya
58.0,55.0,47.0,26.05375792,93.69111672,6.7424900270000006,240.6863901,papaya
68.0,70.0,54.0,31.29986342,92.76039164,6.986228647000001,54.77830202,papaya
42.0,59.0,55.0,40.10207731,94.35110201,6.979102243,149.1199989,papaya
43.0,64.0,47.0,38.58954491,91.58076549,6.8256647820000005,102.2708231,papaya
35.0,67.0,49.0,41.31330062,91.1508798,6.617066674,239.7427554,papaya
56.0,59.0,55.0,37.03551903,91.79430166,6.551892637999999,188.5181422,papaya
39.0,64.0,53.0,23.012401800000006,91.07355541,6.598860305,208.3357976,papaya
18.0,30.0,29.0,26.762749300000007,92.86056895,6.4200187170000005,224.5903664,coconut
37.0,23.0,28.0,25.61294367,94.3138837,5.7400545670000005,224.3206759,coconut
13.0,28.0,33.0,28.130115000000004,95.64807631,5.686972967000001,151.0761899,coconut
2.0,21.0,35.0,25.02887163,91.53720922,6.293662362999999,179.8248944,coconut
10.0,18.0,35.0,27.79797651,99.64573002,6.381975465,181.6942283,coconut
7.0,11.0,32.0,29.25902906,95.11294697,5.542169138999999,184.7624496,coconut
39.0,5.0,31.0,27.10134661,93.69979946,5.551963184,150.9502632,coconut
34.0,6.0,27.0,25.84726298,90.92669463,5.8607404810000014,147.8888994,coconut
31.0,30.0,29.0,26.58580443,90.98617591,5.558807063,178.8116076,coconut
25.0,7.0,35.0,28.38503882,99.18843684,5.55771171,189.67113490000003,coconut
16.0,18.0,26.0,28.43647052,91.81320717,5.568365926,145.54144130000003,coconut
26.0,10.0,33.0,28.27298134,96.93649473,6.07071786,198.8234862,coconut
27.0,8.0,32.0,27.00648436,96.46168931,5.627860548999998,144.3331315,coconut
37.0,18.0,30.0,27.63551259,99.34854917,6.38488418,157.91715369999997,coconut
19.0,15.0,34.0,26.29644905,99.65809151,5.6858890660000005,215.9195049,coconut
0.0,19.0,33.0,27.1326009,95.23797989,6.234458417000001,204.7206567,coconut
31.0,20.0,26.0,25.56567803,97.61361544,6.443168642000001,199.7936345,coconut
9.0,17.0,32.0,25.94951662,93.40548703,5.842317989,172.0540491,coconut
22.0,11.0,29.0,28.03380598,95.01630593,5.955742971,218.0055713,coconut
31.0,6.0,26.0,29.12859129,91.30924833,5.741367375,157.2388553,coconut
34.0,6.0,30.0,27.0828252,97.00155491,5.948342571,171.7575545,coconut
24.0,6.0,32.0,28.11321494,90.01734526,6.387067562,172.48136409999995,coconut
1.0,8.0,26.0,27.5136304,94.18955816,5.562911913,156.6732553,coconut
31.0,13.0,33.0,27.63834933,95.48763389,5.85971872,205.5463111,coconut
10.0,9.0,28.0,29.01256899,94.01014388,6.282955072999999,150.05003119999995,coconut
36.0,27.0,26.0,26.58413917,95.78923137,6.25449571,171.6262299,coconut
38.0,24.0,33.0,28.28905147,97.00396405,5.973853124,142.9403233,coconut
11.0,6.0,25.0,28.69164799,96.65248672,6.081568052000001,178.9635457,coconut
16.0,14.0,30.0,29.70931288,96.30484325,6.37466756,209.84539930000005,coconut
33.0,14.0,35.0,27.14865285,96.66355213,6.027707171,149.2433497,coconut
16.0,6.0,29.0,29.28725038,91.95614918,5.868285082000001,132.1491176,coconut
32.0,11.0,31.0,25.06871967,93.31410447,6.205931637999999,134.84190690000003,coconut
38.0,14.0,30.0,26.92449525,91.20106019,5.5707453860000005,194.9022136,coconut
8.0,6.0,33.0,28.27804288,93.64761266,6.095261012999999,171.9457959,coconut
23.0,6.0,33.0,29.18032562,92.73041222,6.025789594,204.9603677,coconut
29.0,25.0,35.0,28.3575072,91.64509299,5.542873799,160.73069909999995,coconut
24.0,14.0,33.0,29.38072512,93.27565685,6.366219551,218.5241851,coconut
32.0,12.0,30.0,25.39241091,98.08951196,5.579845008,218.080385,coconut
30.0,25.0,31.0,26.31270635,98.62048026,5.804965067,208.1181381,coconut
14.0,21.0,35.0,29.52501367,91.91185319,6.121005506,194.3100272,coconut
27.0,22.0,29.0,28.83214859,92.17170353,6.000248647,145.41723869999996,coconut
40.0,5.0,29.0,28.48444906,97.76865458,5.820978791,160.389421,coconut
17.0,11.0,32.0,28.74013335,93.39676499,5.620733794,156.76508230000005,coconut
30.0,30.0,35.0,25.00872392,95.59224018,6.001936419,165.8092179,coconut
28.0,10.0,30.0,29.8690834,91.14723422,6.305740522000001,192.7678575,coconut
39.0,7.0,29.0,27.54273211,94.59086121,6.362544111,150.2012138,coconut
32.0,20.0,35.0,26.52166434,98.38227669,5.588655387,144.6261698,coconut
7.0,15.0,32.0,25.03512351,95.89739958,6.182232762000001,174.796583,coconut
29.0,17.0,29.0,29.20394909,95.66997327,5.959493188,211.2506267,coconut
34.0,15.0,34.0,27.05826457,91.10510371,5.677282677999999,224.70069530000004,coconut
14.0,23.0,25.0,26.18552389,96.96637916,5.6121227970000005,135.4186222,coconut
18.0,19.0,29.0,27.59376845,92.48519606,6.206077742000001,162.8432736,coconut
7.0,21.0,35.0,25.76011662,94.65830608,5.764812076,131.24514140000002,coconut
24.0,27.0,34.0,28.87862994,95.11320315,6.203376525,145.0583117,coconut
39.0,29.0,29.0,26.50908611,94.48414544,6.143662699,199.8778403,coconut
29.0,8.0,28.0,26.87037587,91.72546257,6.100429497,214.4128874,coconut
10.0,24.0,27.0,27.57283516,94.90485697,5.7084096010000005,145.9298935,coconut
0.0,29.0,32.0,28.05912437,98.3670985,5.868255858,171.65163959999995,coconut
32.0,11.0,31.0,29.51611558,92.56492864,6.461225827000001,131.2116167,coconut
37.0,10.0,32.0,28.96318258,95.16333673,6.165084855,222.803013,coconut
20.0,29.0,27.0,25.09897688,92.36099489,6.047044342,157.7592626,coconut
31.0,29.0,35.0,27.1872282,92.19906776,6.137102505,141.3220576,coconut
17.0,30.0,27.0,29.03065024,90.79093862,5.894027065,205.5720367,coconut
1.0,12.0,30.0,27.754298,95.94643831,5.56222383,131.09000759999998,coconut
6.0,13.0,29.0,27.31155708,99.96906006,5.832608027999999,201.8258633,coconut
15.0,28.0,32.0,28.84270971,99.64328526,6.2185718739999984,224.4016682,coconut
27.0,24.0,29.0,26.61423461,96.97300803,6.142010637,191.006688,coconut
3.0,23.0,30.0,29.70143197,95.65754365,6.078807239,215.1968037,coconut
8.0,26.0,26.0,25.54759871,91.64194826,5.702484758,212.867626,coconut
20.0,28.0,26.0,26.37978453,91.49882979,5.547594847,167.0470997,coconut
26.0,18.0,27.0,27.45907759,92.90736493,5.836075368,142.1430003,coconut
1.0,6.0,35.0,27.02269204,95.71935435,6.231662767,147.16824590000004,coconut
27.0,30.0,31.0,28.98545306,90.73966792,5.718120393,148.8398374,coconut
23.0,7.0,34.0,26.1055118,91.52421214,5.852038202,134.1279669,coconut
0.0,26.0,31.0,25.0707247,95.02156793,5.547933273,192.9036306,coconut
38.0,6.0,25.0,25.54963273,96.92786777,6.156259104,191.2996157,coconut
25.0,12.0,26.0,28.56973521,95.67906668,6.436314406,134.83703480000003,coconut
40.0,5.0,32.0,26.07010807,96.7036223,5.981169595,143.533473,coconut
0.0,19.0,31.0,25.51791333,94.38420565,6.271952832999999,178.7297725,coconut
26.0,9.0,32.0,25.9490364,94.73860514,6.470465614,144.15711090000005,coconut
35.0,30.0,34.0,28.2974764,95.41122824,6.141502001,182.4482352,coconut
19.0,30.0,30.0,29.56549169,91.40896307,5.826381164,224.83157290000003,coconut
31.0,13.0,33.0,29.69952329,95.21224392,6.342463714,148.30036919999995,coconut
17.0,29.0,26.0,26.14162144,93.28415295,6.071897347,195.4115025,coconut
2.0,30.0,30.0,26.00175125,94.79998418,6.331051715,209.540094,coconut
30.0,13.0,25.0,27.15116142,91.48889469,6.413184638,164.9182225,coconut
8.0,15.0,33.0,28.97318719,98.09861043,5.50158009,213.9011021,coconut
18.0,12.0,35.0,26.13958446,96.38580769,6.338720873,131.3387935,coconut
8.0,28.0,30.0,25.51618488,94.33465411,6.015672239,135.1272491,coconut
40.0,22.0,29.0,27.55821802,99.98187601,5.735364307,174.62564809999995,coconut
27.0,10.0,33.0,27.81132822,97.48410555,6.465906333,154.06212209999995,coconut
21.0,20.0,31.0,25.60033702,99.7240104,5.855457599,165.82487319999996,coconut
3.0,9.0,35.0,26.91641934,99.84671638,6.318552972999999,225.6323656,coconut
22.0,16.0,27.0,29.1797902,90.27214288,6.006784979,188.9252083,coconut
27.0,8.0,30.0,26.44600063,98.29937782,6.008386282999999,221.2258168,coconut
22.0,8.0,33.0,28.43572863,95.8840407,5.665785202,203.9283708,coconut
28.0,27.0,32.0,28.94099669,93.00109012,5.764615485,191.7723087,coconut
23.0,21.0,26.0,26.45488737,93.45042636,5.901495543999999,149.2220255,coconut
37.0,5.0,34.0,25.79490531,93.84150618,5.779032666,152.42387119999995,coconut
19.0,26.0,29.0,26.93141945,98.80313612,5.67154928,166.5712879,coconut
133.0,47.0,24.0,24.40228894,79.19732001,7.231324765,90.8022356,cotton
136.0,36.0,20.0,23.09595631,84.86275707,6.925412377000001,71.29581071,cotton
104.0,47.0,18.0,23.9656349,76.97696717,7.633437412,90.75616738,cotton
133.0,47.0,23.0,24.88738107,75.62137159,6.827354668,89.76050416,cotton
126.0,38.0,23.0,25.36243778,83.63276077,6.176716425,88.43618918,cotton
126.0,50.0,19.0,24.69457084,81.7358876,6.6287228360000015,78.58494391,cotton
113.0,41.0,20.0,25.0017188,80.53965818,7.256877571,96.32600992,cotton
121.0,45.0,22.0,22.45942937,81.30681027,6.443785385,64.23026638,cotton
121.0,47.0,16.0,23.60564038,79.29573149,7.7232401510000015,72.49800885,cotton
129.0,60.0,22.0,24.58453146,79.12404171,5.947448589,71.94608134,cotton
107.0,45.0,25.0,23.0865933,83.55546146,7.2277455160000015,71.84080724,cotton
122.0,59.0,18.0,23.5000992,83.63488952,6.219469084,79.81328183,cotton
140.0,38.0,15.0,24.1472953,75.88298598,6.021439523,69.91563467,cotton
102.0,49.0,21.0,24.69315538,84.84422454,6.253343655,89.799462,cotton
111.0,40.0,25.0,24.48469200000001,84.44932014,6.187455798999999,90.94342484,cotton
131.0,35.0,18.0,24.49112609,82.24415809,7.0576933660000005,64.02949379,cotton
135.0,43.0,16.0,23.47986888,81.73049149,6.720449769,86.76287924,cotton
100.0,46.0,18.0,24.18586246,76.04203958,6.4316895060000006,69.08056728,cotton
123.0,39.0,24.0,25.00755095,78.17952126,7.453106264,86.06411872,cotton
117.0,56.0,15.0,25.99237426,77.0543546,7.368258226,89.1188212,cotton
121.0,36.0,24.0,23.66457347,81.69105088,7.352401887,99.36898373,cotton
101.0,58.0,18.0,25.66891439,81.38103349,6.652143699,78.59595817,cotton
107.0,42.0,24.0,22.04612876,84.62978302,6.144631795,86.00758678,cotton
100.0,41.0,22.0,22.4204752,84.55794703,7.318802162000001,93.46595573,cotton
125.0,39.0,21.0,25.03149561,82.21276599,7.954629324,95.0191318,cotton
105.0,60.0,23.0,23.53371386,77.21705554,6.207652157,87.54004943,cotton
102.0,46.0,19.0,22.77076388,82.5993307,6.631005298,81.49543437,cotton
131.0,49.0,22.0,25.49848236,79.9751579,7.306918817000001,67.05961949,cotton
139.0,35.0,15.0,25.248679,83.4630147,5.898293044,86.55517751,cotton
108.0,36.0,19.0,22.78249615,77.51235009,7.238566893,64.61444234,cotton
118.0,45.0,23.0,23.37044424,77.43198948,7.977651226,71.67870701,cotton
107.0,51.0,22.0,24.86560781,78.22080815,5.983075895,79.56866268,cotton
125.0,60.0,17.0,24.14386157,84.51591287,6.785723961,80.36146974,cotton
113.0,37.0,20.0,25.03300222,79.04368718,7.393441155,97.10087029,cotton
131.0,52.0,16.0,23.65724079,84.47601498,6.486068274,88.54479121,cotton
115.0,48.0,16.0,25.54359718,84.09229796,7.175934962,88.94245493,cotton
113.0,38.0,25.0,22.00085141,79.47270984,7.388265887999999,90.42224164,cotton
111.0,41.0,18.0,23.64328417,78.1258666,6.10539819,80.96157332,cotton
111.0,53.0,19.0,23.96436009,78.02763149,6.419536555,84.63148859,cotton
122.0,48.0,16.0,24.65425757,75.6350708,6.307585854,61.82980133,cotton
108.0,46.0,17.0,24.3017998,84.87668973,6.93221485,65.0247867,cotton
132.0,41.0,22.0,24.29144926,81.02453404,7.810865753,90.41694635,cotton
103.0,42.0,17.0,24.29470232,84.61527627,6.527541661,81.05902285,cotton
133.0,50.0,25.0,25.72180042,81.19666206,7.569454601,99.93100821,cotton
127.0,37.0,18.0,24.87663664,76.30050373,7.041065585,91.9223468,cotton
110.0,39.0,25.0,22.60612115,77.34264002,7.208795456,75.13617229,cotton
131.0,38.0,19.0,23.86814008,75.68339729,6.814341946,90.4547185,cotton
108.0,38.0,24.0,23.41022496,76.43836957,7.442217061,78.82199603,cotton
122.0,40.0,17.0,24.96440768,81.31677618,6.854558957,80.03995829,cotton
111.0,50.0,15.0,25.16820129,80.30351815,7.884550475,84.62419032,cotton
140.0,40.0,17.0,22.72767171,77.07598065,6.006085786,77.55176318,cotton
100.0,40.0,20.0,22.45145981,76.25674874,7.432043735,86.84998693,cotton
123.0,50.0,16.0,23.04920461,75.53835214,6.498052108,70.65644296,cotton
107.0,36.0,21.0,25.29250148,75.66653335,6.205263534,62.64174227,cotton
118.0,50.0,19.0,22.95604064,82.33733678,6.360812227,66.48339303,cotton
103.0,51.0,20.0,22.80213132,84.14668447,7.0466074339999984,91.6389565,cotton
133.0,57.0,19.0,23.54234715,75.98203329,7.947011366,84.12536744,cotton
129.0,47.0,20.0,24.41212325,80.80343786,6.281913857999999,98.60457373,cotton
116.0,52.0,19.0,22.94276687,75.37170612,6.114525877,67.08022574,cotton
114.0,40.0,23.0,25.53676123,81.13668716,6.7539780610000015,95.4262599,cotton
131.0,60.0,17.0,25.32023717,81.79475917,7.4250413160000015,83.46532547,cotton
107.0,43.0,18.0,22.426733,81.53480799,6.745104394,65.54475812,cotton
123.0,44.0,21.0,25.78544484,75.00539324,7.6411165689999985,91.39578861,cotton
112.0,49.0,25.0,25.68959532,77.90621048,6.470135478,66.19426787,cotton
119.0,44.0,15.0,22.14593688,82.85975490000001,7.091992365,60.65381719,cotton
130.0,59.0,19.0,25.07278712,82.50257909,6.520403794,93.51042684,cotton
127.0,53.0,24.0,22.21506982,76.17851932,6.127939627999999,70.40557612,cotton
134.0,52.0,18.0,23.9643129,76.59175937,7.994679507000001,76.13090645,cotton
109.0,36.0,18.0,25.40059227,76.53237965,7.524707577,62.51388670000001,cotton
100.0,48.0,17.0,23.7805123,83.03878838,7.827877817999999,66.26555904,cotton
132.0,52.0,19.0,24.16402322,76.7433897,6.436691764,61.94626051,cotton
102.0,37.0,25.0,25.31468463,77.91757121,5.907930899,72.82902109,cotton
111.0,39.0,22.0,22.60361557,80.35090459999998,6.135025006,88.57395505,cotton
117.0,51.0,15.0,22.9535715,78.71555832,6.044556594,99.75336197,cotton
136.0,36.0,24.0,22.74446976,80.41198458,7.59781958,90.07326633,cotton
134.0,56.0,18.0,23.80834611,83.91902605,6.691268104,70.97358303,cotton
112.0,54.0,15.0,25.46228792,81.56641891,6.1754923060000015,76.88582484,cotton
105.0,56.0,15.0,25.96779712,81.97904282,7.272316208999999,74.14169043,cotton
140.0,45.0,15.0,25.5308271,80.04662756,5.801047545,99.39557151,cotton
126.0,46.0,25.0,24.43847399,81.69801729,6.757457943,60.79645852,cotton
106.0,49.0,24.0,23.03887865,76.47039772,6.983395572999999,90.64770699,cotton
121.0,53.0,19.0,23.51308653,76.72621429,7.976889497999999,80.11272117,cotton
108.0,60.0,17.0,22.75805656,76.75768356,6.558902588,97.76600619,cotton
116.0,56.0,17.0,24.71252544,77.7293114,7.979090365,85.24963302,cotton
100.0,52.0,19.0,23.45969093,82.44777468,7.903528672999999,93.50153555,cotton
129.0,43.0,16.0,25.5503704,77.85055621,6.73210948,78.58488484,cotton
118.0,44.0,23.0,22.08458267,82.82904143,6.6916904760000016,67.06459777,cotton
117.0,43.0,25.0,24.68854799,78.51206972,7.839849298,69.31153566,cotton
126.0,37.0,21.0,25.84997269,84.16855231,6.61448588,77.03421249,cotton
120.0,48.0,16.0,22.46054478,75.40989245,7.456971816,71.85436078,cotton
102.0,45.0,16.0,23.65629976,77.52425987,7.2942193,74.8984994,cotton
131.0,56.0,20.0,22.00817088,81.83896111,7.762647875,92.23645249,cotton
114.0,40.0,17.0,24.32630461,80.13456404,6.363406102000001,69.45072055,cotton
101.0,37.0,18.0,22.92360984,82.68738535,7.63737841,92.91915074,cotton
106.0,46.0,20.0,23.43821725,78.63388824,6.2006719760000015,81.15072105,cotton
113.0,38.0,20.0,22.10718988,78.58320116,6.364729934,74.94136567,cotton
102.0,53.0,21.0,23.03814028,76.11021529,6.913678684,91.49697481,cotton
110.0,39.0,18.0,24.54795322,75.39752705,7.766259768999999,63.88079866,cotton
107.0,58.0,15.0,23.73868041,75.77503808,7.55606399,76.63669195,cotton
120.0,60.0,15.0,22.31871914,83.86129998,7.288377241,65.35747011,cotton
89.0,47.0,38.0,25.52468965,72.24850829,6.002524871,151.8869972,jute
60.0,37.0,39.0,26.59104992,82.94164078,6.033485257000001,161.2469997,jute
63.0,41.0,45.0,25.29781791,86.88705350000002,7.121933578999999,196.6249511,jute
86.0,40.0,39.0,25.72100868,88.16513579,6.207459637,175.60866969999995,jute
96.0,41.0,40.0,23.58419277,72.00460848,6.090060478,190.4242157,jute
100.0,35.0,36.0,25.31042337,72.01364411,6.346715209,190.5577618,jute
63.0,37.0,43.0,23.41798979,85.08640476,6.661957897000001,185.7446728,jute
70.0,43.0,40.0,24.35564134,88.80391021,6.176860192,169.11680280000004,jute
67.0,55.0,44.0,26.284017,75.14640198,7.251847296,182.2685447,jute
74.0,40.0,40.0,25.13842773,83.12053888,6.386259977999999,169.33884650000005,jute
89.0,53.0,44.0,24.88692811,71.91711523,7.319735475,150.2498675,jute
74.0,46.0,45.0,25.75734909,88.36668522,6.025028997000001,189.4263485,jute
89.0,41.0,38.0,23.12844351,74.68322732,6.344751947000001,199.83629130000003,jute
60.0,55.0,40.0,24.9949957,88.95692783,7.02777956,151.4935635,jute
67.0,43.0,38.0,25.21622704,70.88259632,7.299304715,195.8645552,jute
70.0,38.0,35.0,24.39736241,79.26861738,7.014063944,164.2697011,jute
74.0,49.0,38.0,23.31410442,71.4509053,7.4880144039999985,164.49703730000004,jute
90.0,40.0,39.0,25.72668885,81.86171563,6.626503893,191.9649389,jute
82.0,35.0,44.0,26.96656378,78.21047693,6.239011,169.8391177,jute
73.0,45.0,37.0,23.70467146,74.63745355,6.742688094,181.2783964,jute
85.0,53.0,38.0,24.90075709,73.84186449,6.588017308,153.8990984,jute
81.0,56.0,36.0,23.39605743,72.60512854,7.097586415,174.78764109999997,jute
84.0,55.0,38.0,26.8748389,79.78725152,6.956682742999999,173.1017097,jute
80.0,45.0,42.0,23.1426498,74.99739774,7.380396262,151.9035477,jute
76.0,54.0,45.0,24.29496635,77.62976013,6.176618831,184.9800516,jute
76.0,56.0,39.0,24.39459498,89.89106506,6.551130445,197.1220049,jute
81.0,40.0,45.0,25.7629429,80.76238215,6.427726565,174.5071843,jute
76.0,44.0,45.0,25.4879684,84.48235878,6.740947635,168.7848886,jute
69.0,47.0,40.0,25.37122686,76.2403666,6.130136384,183.8270791,jute
82.0,40.0,45.0,26.21312799,81.70476368,6.667633355,180.1237765,jute
69.0,57.0,35.0,24.30748599,78.54340987,6.1868143920000005,186.2337571,jute
81.0,36.0,38.0,23.76554749,87.98329901,6.334837865,150.31661519999997,jute
67.0,60.0,38.0,24.79853023,78.53037059,7.16214284,162.2847429,jute
72.0,51.0,40.0,23.20683504,74.09956958,7.422318499,199.4766779,jute
65.0,39.0,45.0,23.66805429,70.89000744,6.768001309,184.4633281,jute
78.0,50.0,43.0,25.12417673,85.72530641,6.348441469,159.5718087,jute
77.0,52.0,41.0,23.89069041,83.46409075,6.097294061,167.72306319999996,jute
89.0,52.0,42.0,23.09433785,81.45139295,6.14132902,196.6587013,jute
62.0,49.0,37.0,24.21744605,82.85284045,7.479248124,166.13658859999995,jute
90.0,48.0,45.0,24.06475727,71.31342851,6.509174788999999,153.63902119999997,jute
66.0,47.0,36.0,24.85441411,74.44070479999998,6.57256106,175.572958,jute
80.0,52.0,39.0,26.41915161,76.85691248,7.165696848,197.2101782,jute
89.0,52.0,45.0,24.89326318,77.01222585,7.207457207999999,196.469984,jute
77.0,51.0,44.0,23.25583402,82.7015932,7.124333547000001,166.2160846,jute
94.0,37.0,41.0,24.7634518,87.06071115,6.4635387070000005,179.1630865,jute
75.0,41.0,35.0,24.97042599,78.62697699,6.856833064,166.6415254,jute
60.0,55.0,36.0,26.12797248,80.49172597,7.132389299,150.6326874,jute
62.0,56.0,35.0,25.97825807,81.65769588,6.235357637999999,163.3488091,jute
84.0,40.0,42.0,26.2830571,73.35763537,6.704273839,186.6898282,jute
100.0,56.0,40.0,26.38905406,83.31240346,7.433313409,176.1516409,jute
75.0,56.0,44.0,25.2746335,73.7459581,6.109478059,168.0432282,jute
78.0,46.0,42.0,23.09499564,78.45959697,7.095413294,155.3851533,jute
82.0,48.0,36.0,25.79351957,81.76904006,6.352076782999999,193.2418382,jute
100.0,58.0,41.0,23.17403323,87.88255345,6.6587699910000016,160.6217342,jute
88.0,50.0,40.0,25.63215038,79.95150917,7.0518224720000005,182.2582277,jute
67.0,41.0,40.0,25.84879500000001,87.81661683,7.333143205,152.6194403,jute
72.0,42.0,43.0,26.56767277,80.90424543,6.352771037,181.2915605,jute
89.0,40.0,43.0,26.24532085,72.97198375,7.124050134,189.9711184,jute
89.0,57.0,43.0,26.91515043,73.19897535,6.998787171,177.22330480000005,jute
61.0,41.0,44.0,24.36972377,82.11319791,6.537914957999999,159.92109340000005,jute
79.0,45.0,43.0,25.71901283,79.15532398,7.171054239,187.1735424,jute
84.0,40.0,43.0,25.01157559,88.33130229999998,7.228268227999999,169.4168014,jute
98.0,43.0,35.0,25.40785911,76.44048625,7.319952206,188.6372826,jute
75.0,36.0,44.0,23.28081,74.27607475,6.613341342999999,153.7447398,jute
89.0,58.0,35.0,23.98651719,82.09053379,6.096838784,167.0576456,jute
91.0,41.0,37.0,24.48556447,83.20630007,6.132570522999999,192.2316221,jute
77.0,48.0,36.0,25.86705009,84.09985284,7.36008498,154.83908469999997,jute
66.0,58.0,35.0,23.5643831,79.46283115,7.321619041,185.25947,jute
62.0,59.0,41.0,24.2248758,74.89465426,7.175170657000001,192.4931257,jute
82.0,35.0,35.0,25.49386782,86.97061481,7.299076163,176.5268267,jute
61.0,41.0,35.0,24.97178693,79.47557931,6.842966478999998,195.7571622,jute
99.0,57.0,38.0,24.80624984,82.09281674,6.356295567999999,156.3616174,jute
70.0,42.0,43.0,23.16814977,76.66724969,6.508342839,157.1215052,jute
90.0,59.0,35.0,24.25133493,89.86454053,7.098227926,175.1742112,jute
73.0,43.0,42.0,26.58361011,78.00774772,6.310699968,154.8238864,jute
67.0,46.0,44.0,26.82489244,78.20392774,7.093328631,153.91998069999997,jute
84.0,37.0,42.0,25.49674786,81.13449097,6.691074249,169.92882340000003,jute
72.0,41.0,36.0,24.09874353,80.57226761,6.187746776,176.8604109,jute
71.0,56.0,37.0,23.18866654,86.20899734,6.491506245,176.103677,jute
64.0,53.0,38.0,26.24347471,78.51063754,6.855362875,183.4065252,jute
65.0,54.0,39.0,23.75091572,71.14782585,7.124571593,160.0889553,jute
60.0,58.0,37.0,26.13871511,79.1188943,6.067302109,171.4892533,jute
86.0,39.0,43.0,26.14576648,71.23690851,6.432051512,193.1007598,jute
90.0,50.0,44.0,26.91643698,73.48655995,6.253408852000001,171.4716375,jute
91.0,38.0,36.0,26.5232969,77.17331847,7.287318722999999,157.8548562,jute
87.0,48.0,38.0,23.81579631,80.94023552,7.161865733,190.312216,jute
72.0,41.0,36.0,26.50838667,86.84264005,6.065898282999999,152.9801697,jute
71.0,54.0,35.0,26.63952463,70.95705996,7.311077075,199.3355744,jute
82.0,46.0,41.0,23.325013100000003,79.79609448,6.581693772,187.3096148,jute
71.0,52.0,43.0,26.47549543,73.96164569,6.732826127,180.2513601,jute
80.0,43.0,43.0,23.78756036,74.36794079,6.014572075,172.64426540000005,jute
77.0,55.0,43.0,25.49941707,75.99987588,6.663559451,193.71418280000003,jute
95.0,57.0,41.0,23.24925555,73.65346838,6.434610995,184.7674863,jute
63.0,47.0,35.0,26.98582182,89.05587886,7.432768147000001,193.8778713,jute
93.0,43.0,38.0,23.61475336,86.14290267,6.987332927000001,150.2355238,jute
87.0,44.0,43.0,23.87484465,86.79261344,6.718725189,177.5147313,jute
88.0,52.0,39.0,23.92887902,88.07112278,6.880204617,154.6608736,jute
90.0,39.0,37.0,24.81441246,81.68688879,6.86106911,190.7886386,jute
90.0,39.0,43.0,24.44743944,82.286484,6.7693455,190.9684885,jute
84.0,38.0,43.0,26.57421679,73.81994896,7.26158085,159.3223075,jute
91.0,21.0,26.0,26.33377983,57.36469955,7.261313694,191.6549412,coffee
107.0,21.0,26.0,26.45288458,55.32222678,7.235070264,144.68613359999995,coffee
83.0,38.0,35.0,25.70822684,52.88667115,7.18915558,136.73250919999998,coffee
108.0,24.0,31.0,24.12832546,56.18107663,6.431899747999999,147.27578180000003,coffee
116.0,28.0,34.0,23.44372334,60.39523266,6.42321105,122.2103248,coffee
116.0,23.0,25.0,23.4123707,52.26994674,6.869720196,139.3670753,coffee
109.0,31.0,27.0,23.05951896,50.40609436,6.973839707000001,164.4971875,coffee
89.0,25.0,34.0,23.07895447,63.65861483,7.184801627000001,129.8765443,coffee
118.0,18.0,32.0,27.6496114,51.11044023,6.351823783,122.8392822,coffee
111.0,32.0,34.0,25.46743689,69.35161206,6.392048018,171.37644619999998,coffee
84.0,36.0,28.0,26.7350622,55.55164819,6.119892347,140.63052130000003,coffee
85.0,33.0,25.0,26.20811417,52.50987966,6.910823945,189.0944824,coffee
99.0,15.0,27.0,27.0424167,57.27927475,6.501157208,165.6872119,coffee
81.0,30.0,31.0,24.65090184,51.93952357,7.027585558999999,135.1386537,coffee
95.0,39.0,29.0,27.35152643,55.99375012,7.13411409,148.98125249999995,coffee
81.0,34.0,30.0,25.17787724,62.26244581,6.6477659970000005,135.0119649,coffee
80.0,15.0,28.0,23.11438731,68.00096043,6.703270635,161.8944624,coffee
104.0,20.0,26.0,27.22783677,52.95261751,7.493191968,175.7260273,coffee
109.0,29.0,28.0,23.26316991,60.51600210000001,6.724688502999999,194.1755471,coffee
100.0,32.0,26.0,25.234661,57.53161469,6.043485685,124.2261737,coffee
100.0,24.0,28.0,25.59535262,57.72920846,7.101661011,195.7733251,coffee
83.0,21.0,28.0,25.5674832,60.49244602,7.466900682999999,190.2257843,coffee
120.0,23.0,28.0,25.67324193,51.29043632,6.877799264,196.2736367,coffee
104.0,26.0,30.0,24.40726724,62.65692638,6.410992833,148.6977358,coffee
108.0,33.0,31.0,23.69287069,66.76090123,7.393825704,144.6576424,coffee
91.0,25.0,26.0,24.53460016,66.99765375,7.482414225,180.5059257,coffee
86.0,26.0,27.0,27.13140403,52.89368299,6.081172981,192.4280381,coffee
98.0,18.0,27.0,27.56088634,68.49299897,6.516312148,167.43580749999995,coffee
111.0,27.0,31.0,23.59302313,55.27564977,6.0433309510000015,191.3980675,coffee
84.0,39.0,35.0,23.17714381,52.13864034,6.959404135,117.3113562,coffee
98.0,27.0,27.0,24.71384065,51.29142534,7.238109556,197.6439711,coffee
118.0,21.0,34.0,24.38534644,64.72543073,7.234258375,119.6324109,coffee
103.0,27.0,31.0,27.15998538,51.59100753,6.691541233,126.1752206,coffee
82.0,24.0,33.0,26.53543168,67.09608099,6.809593554,120.6494434,coffee
86.0,31.0,35.0,27.01207284,60.76645256,6.485761419,191.4508931,coffee
88.0,35.0,35.0,27.55906475,58.45742907,6.784460602,117.9389993,coffee
84.0,27.0,29.0,23.32293161,53.00366334,7.167092586,168.26442869999997,coffee
120.0,40.0,33.0,24.23850608,54.30329632,6.73410539,115.1564012,coffee
106.0,40.0,30.0,23.42611644,64.10651528,6.779984384,122.6847408,coffee
113.0,21.0,33.0,26.02241444,55.83288958,7.277422737999999,176.90209240000004,coffee
117.0,34.0,25.0,24.83846178,56.7685316,7.21270048,124.4135035,coffee
80.0,30.0,25.0,26.24092174,65.64381357,7.487266991,148.37712019999995,coffee
88.0,21.0,27.0,24.43011925,66.02411187,7.231166546,181.6368274,coffee
113.0,33.0,34.0,26.00373964,62.144510200000006,6.559817161000002,153.477776,coffee
87.0,23.0,28.0,26.22367404,62.26594559,6.979590627,193.7461968,coffee
113.0,15.0,29.0,27.09617155,63.55324262,6.779230041,190.2440566,coffee
98.0,29.0,30.0,25.64004392,61.03273481,6.217974349,199.4735636,coffee
97.0,29.0,27.0,27.74576987,54.36976075,7.205078785,139.8619431,coffee
85.0,35.0,32.0,26.24928198,54.28617819,6.854011265,133.1120232,coffee
82.0,29.0,35.0,26.67377159,52.24226285,6.246872394,156.15438980000005,coffee
103.0,33.0,25.0,27.10210397,55.74973320000001,6.911066044,139.5013171,coffee
112.0,17.0,28.0,27.62975458,61.26002598,6.777417989,196.6492664,coffee
99.0,19.0,33.0,27.536454700000004,55.51673151,6.273741983,130.6377143,coffee
120.0,20.0,34.0,23.56960509,50.56339727,6.906124587000001,130.3797119,coffee
114.0,27.0,28.0,24.99451759,57.93250202,7.162802357,192.8736822,coffee
100.0,40.0,35.0,27.56441788,54.41094079,6.9557873510000015,177.816092,coffee
108.0,35.0,25.0,23.98143338,61.10935084,6.971963169,161.5279095,coffee
115.0,31.0,30.0,24.22984659,67.37768353,6.840927967000001,122.4073418,coffee
87.0,28.0,30.0,25.60153969,68.66257977,6.536676653,168.8383605,coffee
82.0,24.0,26.0,24.31274458,53.57285558,6.089443602999999,184.4103931,coffee
94.0,26.0,27.0,26.36629861,52.25738495,7.456460375,177.31761609999995,coffee
87.0,28.0,35.0,26.5602777,57.1621814,6.759211911,152.0616227,coffee
118.0,40.0,35.0,26.35034208,58.50650238,7.460174812000001,121.5586297,coffee
87.0,38.0,29.0,25.20406808,57.88370456,6.652642579,156.1457255,coffee
92.0,40.0,30.0,23.35723208,55.18792166,6.026287448,171.6976946,coffee
97.0,22.0,26.0,23.60567546,59.68849145,6.074190142000001,185.1568059,coffee
99.0,40.0,32.0,24.18471151,69.94807345,7.0455430560000005,163.27087319999995,coffee
89.0,28.0,33.0,26.44414097,53.83876189,6.9932360010000005,175.3723314,coffee
112.0,39.0,29.0,26.12492233,63.37479229,6.726528895,147.8035305,coffee
111.0,28.0,26.0,27.77363343,64.47858698,6.937352845,192.7121236,coffee
114.0,20.0,26.0,25.55656667,62.67087838,7.27905689,193.5866233,coffee
117.0,26.0,30.0,27.92374437,67.96910852,7.079850922,115.2325531,coffee
111.0,29.0,31.0,26.05968403,52.31098539,6.136286518,161.3432535,coffee
119.0,30.0,28.0,26.35770906,64.57578034,6.5052036960000015,163.62694960000005,coffee
116.0,40.0,33.0,24.91370487,54.15319242,7.042089492000001,129.5481144,coffee
95.0,37.0,35.0,27.31317116,68.42333909999999,6.348337518999998,192.4288139,coffee
86.0,40.0,33.0,26.1387869,52.26311691,7.432322234,136.3027766,coffee
117.0,37.0,32.0,23.1069385,67.06230539,6.787658922,162.57696059999995,coffee
105.0,18.0,35.0,23.52648086,68.44030686,6.743417121,171.8839938,coffee
109.0,23.0,25.0,25.11711046,68.48030408,7.00733163,194.8773479,coffee
80.0,18.0,31.0,24.02952505,58.84880599,7.303033217,134.6803969,coffee
101.0,31.0,26.0,26.70897548,69.71184111,6.861235184,158.86088869999998,coffee
103.0,33.0,33.0,26.71717393,50.50148528,7.131435858,126.8073984,coffee
93.0,26.0,27.0,24.59245684,56.46829641,7.288211994,137.70440469999997,coffee
104.0,35.0,28.0,27.51006055,50.66687215,6.983732393,143.9955548,coffee
116.0,36.0,25.0,27.57847581,58.52534263,6.172090205,156.6810374,coffee
107.0,38.0,29.0,26.65069302,57.56695719,6.35118177,145.105065,coffee
101.0,33.0,33.0,26.97251562,62.0183627,6.908671378999999,142.8610793,coffee
107.0,31.0,31.0,23.17124551,52.97841162,6.766184468,153.12016440000005,coffee
99.0,16.0,30.0,23.52652084,65.44340921,6.392791654,186.1728203,coffee
103.0,40.0,30.0,27.30901814,55.196224,6.3483162570000005,141.48316440000005,coffee
118.0,31.0,34.0,27.54823036,62.88179198,6.123796057000001,181.4170812,coffee
106.0,21.0,35.0,25.627355,57.04151119,7.4285236339999985,188.5506536,coffee
116.0,38.0,34.0,23.29250318,50.04557009,6.020947179,183.468585,coffee
97.0,35.0,26.0,24.91461008,53.74144743,6.334610249,166.2549307,coffee
107.0,34.0,32.0,26.77463708,66.4132686,6.78006386,177.7745075,coffee
99.0,15.0,27.0,27.41711238,56.63636248,6.086922359,127.92461000000002,coffee
118.0,33.0,30.0,24.13179691,67.22512329,6.362607851,173.32283859999995,coffee
117.0,32.0,34.0,26.2724184,52.12739421,6.758792552,127.1752928,coffee
104.0,18.0,30.0,23.60301571,60.39647474,6.779832611000002,140.9370415,coffee
46.122399,19.085266,43.016392,28.104762,56.618358,7.245333,838.329462,groundnut
44.476879,20.080707,31.594518,25.768489,75.81643,6.673842,512.914837,groundnut
42.566921,38.497807,56.170025,25.217985,61.947622,6.241836,538.753386,groundnut
40.944417,36.34121,45.997148,28.122264,61.990402,6.290466,598.544002,groundnut
27.322202,34.427028,67.373469,27.255775,63.414185,6.90893,812.930362,groundnut
54.385906,38.235324,28.475896,29.650825,73.229855,7.258431,986.325239,groundnut
39.931016,25.482557,52.545733,25.117207,65.18719,6.34847,746.267438,groundnut
20.072556,39.512379,42.965666,29.337951,69.570631,6.728304,968.424865,groundnut
24.081658,36.960292,68.576591,25.696568,69.880026,6.461818,574.084993,groundnut
21.431811,30.698952,42.720204,28.245833,64.49553,7.371268,768.853521,groundnut
28.114928,15.984296,66.465646,27.311295,66.706294,6.476949,945.41889,groundnut
49.040337,18.461509,51.804546,29.543565,65.497325,6.370283,521.200938,groundnut
38.9932,20.986292,41.275319,26.470701,68.174301,7.366313,968.462974,groundnut
25.093031,34.59198,50.15819,29.145932,63.280609,7.398242,848.116005,groundnut
24.914633,18.962027,47.863042,25.404814,70.534314,6.096331,634.240954,groundnut
54.926254,29.917474,33.02023,26.300283,76.754637,7.050821,790.035472,groundnut
58.11002,30.314919,39.775728,25.422792,64.82726,7.010688,519.80328,groundnut
36.750833,23.947693,39.919689,28.336055,67.01711,7.284945,705.280796,groundnut
50.095704,28.592318,43.386375,27.585909,76.651496,7.228422,997.456702,groundnut
22.96099,27.583906,57.218391,28.078512,70.297332,7.195377,869.783722,groundnut
34.467412,34.363535,68.1421,26.235246,68.698145,7.107581,898.839039,groundnut
27.60928,33.184782,42.524193,27.275096,58.162207,6.243322,610.584251,groundnut
24.694859,24.059417,30.675357,29.249768,73.536918,7.133011,766.521446,groundnut
40.268927,32.78809,33.104687,29.238992,55.287021,7.438192,828.839353,groundnut
38.110397,18.019418,62.317875,25.682105,70.569799,6.398526,772.090254,groundnut
35.595821,18.203967,29.858527,28.869021,61.632726,6.729644,972.813923,groundnut
56.43798,27.830162,50.757756,25.46213,68.486027,6.552614,805.393792,groundnut
34.667256,20.752832,36.548472,29.681819,67.737313,6.064861,890.901957,groundnut
56.038188,37.773977,56.449992,25.292768,64.128985,6.257858,861.606318,groundnut
34.580137,25.307794,49.643055,25.449336,72.272624,6.844933,622.302716,groundnut
39.377137,21.663797,48.208784,28.572967,71.840521,7.311618,882.597377,groundnut
29.851944,37.677805,58.079151,27.238132,73.451098,6.706772,826.706873,groundnut
54.235806,17.918287,64.808853,28.63714,71.712619,6.511969,917.132394,groundnut
42.799259,18.424185,60.022859,28.998241,61.567498,7.296436,899.56514,groundnut
46.436697,31.577246,65.713947,26.319308,77.483068,7.421086,638.451453,groundnut
43.230601,26.989974,41.024902,26.743128,69.647765,6.278267,782.141341,groundnut
41.615041,37.025328,33.124514,25.838377,76.332052,6.091899,679.454588,groundnut
48.562085,17.007753,60.688025,25.412964,65.724655,6.389543,554.578999,groundnut
41.207119,22.540923,63.847022,28.073155,65.019118,6.082316,826.071339,groundnut
37.419013,18.837278,45.668744,25.773554,68.529091,7.121591,545.581621,groundnut
55.514619,27.289478,47.582724,27.353103,61.596957,7.423803,632.374368,groundnut
35.045273,38.634461,40.843063,27.908379,73.765825,7.314115,980.889586,groundnut
21.26125,38.850831,68.25167,28.237661,79.666061,7.086895,518.522018,groundnut
48.552276,30.625985,43.524064,29.027256,60.536117,6.976251,818.32727,groundnut
50.735737,30.915366,60.298489,28.22626,79.704127,7.402875,534.926672,groundnut
23.917254,37.784075,36.309438,25.523451,57.299503,6.414302,922.280005,groundnut
20.891028,29.656926,26.683002,29.425915,71.252948,6.918092,685.62861,groundnut
20.17702,36.368543,38.053776,28.720473,74.862179,6.376182,966.566906,groundnut
37.67543,32.218214,39.822032,29.624144,56.526026,6.428401,580.511072,groundnut
54.701168,16.283082,35.425402,27.508861,64.812706,6.605612,957.187601,groundnut
54.44399,26.860458,42.343567,25.887049,75.02607,6.247585,590.949478,groundnut
29.017402,17.471738,50.467652,28.345262,57.348651,6.562926,994.401121,groundnut
24.658806,31.837221,41.641048,25.082194,59.755477,7.170728,941.512826,groundnut
50.777499,27.717099,39.41648,26.508545,63.597322,7.257711,822.285264,groundnut
52.591914,28.921584,67.7259,28.262502,73.315425,6.249068,882.727608,groundnut
56.36668,23.836428,69.647875,26.896345,71.901309,6.236142,941.871902,groundnut
46.697444,26.438259,45.488081,25.766349,57.247462,6.437313,655.694778,groundnut
32.684272,39.589221,62.134197,26.08841,60.247184,7.216449,675.617236,groundnut
55.152841,15.722916,35.883898,27.006468,67.804061,6.33978,622.663761,groundnut
49.768968,38.886741,57.827083,27.741428,58.43014,6.298865,880.623884,groundnut
28.504226,36.317157,59.631581,29.410216,71.074804,7.019701,920.109581,groundnut
41.453612,34.426794,49.723704,29.057856,78.763784,7.440753,920.955774,groundnut
21.630533,34.230989,29.013782,29.247879,75.024648,7.031386,895.768566,groundnut
46.76796,29.253251,28.055005,29.30669,75.776426,7.180762,581.768696,groundnut
29.711816,23.528363,45.337238,26.617075,65.189207,6.115665,601.774803,groundnut
53.873229,34.883208,52.130444,26.850493,59.626798,6.02658,901.975588,groundnut
31.432771,38.68913,49.617404,28.799051,73.691956,6.874707,907.457991,groundnut
57.014502,18.765531,34.207941,27.266083,62.154062,6.244212,738.443368,groundnut
34.886954,21.9943,37.273269,25.815681,76.284333,6.307604,747.407108,groundnut
55.531575,24.566289,67.789566,27.870506,56.424172,7.081187,776.711803,groundnut
24.877415,31.044538,58.877511,29.621701,67.54082,6.687083,912.827826,groundnut
44.178242,27.13131,25.867607,25.339644,70.879368,7.154555,796.393477,groundnut
21.035461,35.221144,30.51764,28.287893,73.49471,6.525224,878.980629,groundnut
24.761134,23.411944,42.433367,27.580759,58.21437,6.517325,854.686519,groundnut
54.887002,35.429588,30.853082,29.915315,61.616614,6.202344,933.875439,groundnut
22.719673,22.635782,38.59307,26.236419,74.022352,6.273606,619.927937,groundnut
40.628111,15.218012,34.303362,26.255043,74.843468,6.251636,979.179474,groundnut
25.547419,33.399155,36.443074,25.786265,70.65585,7.001764,788.023628,groundnut
32.393856,33.82995,31.507363,28.987412,59.303327,6.726664,648.25646,groundnut
39.73943,28.643976,25.473974,28.255493,55.674773,6.457988,951.991528,groundnut
22.587551,29.452921,66.913224,28.120555,63.589253,6.456063,855.490491,groundnut
25.287697,35.428599,54.565722,29.285809,59.017493,6.798362,933.419887,groundnut
53.673682,34.36603,26.062316,26.254049,74.515113,6.309699,672.793268,groundnut
28.072555,29.184848,48.764133,25.470466,65.510245,6.808778,729.937646,groundnut
28.551533,24.70423,36.661111,26.227089,74.617218,7.01991,563.280351,groundnut
35.993082,35.170326,57.572404,25.207632,61.526219,6.714242,577.996653,groundnut
49.799559,34.803567,28.501795,26.843614,59.063639,7.418494,993.663877,groundnut
39.805006,39.011936,57.89344,28.652123,71.348275,7.103122,740.625264,groundnut
45.891242,37.546802,62.22541,29.807266,70.47652,6.88527,986.240392,groundnut
47.389333,18.023059,27.615306,25.622037,70.950074,6.013897,630.549547,groundnut
56.091616,25.563836,38.184867,27.674499,72.804988,6.784235,980.255251,groundnut
59.68868,29.049431,39.822394,26.788982,62.71175,6.482124,665.2859,groundnut
25.942251,15.516229,50.584134,29.852007,62.864735,6.829786,680.994107,groundnut
36.460722,15.904032,38.965459,27.162259,61.519042,6.932574,981.683499,groundnut
26.456563,32.42241,50.148387,25.826528,75.238948,6.604045,744.330211,groundnut
35.964432,20.383328,69.257841,25.759066,69.338642,6.906354,901.787907,groundnut
21.078885,35.409377,68.168051,25.85771,71.475125,6.400758,906.280234,groundnut
49.978494,26.274747,27.577302,27.69099,72.67045,6.335275,544.665157,groundnut
35.029758,18.460972,66.745466,26.62997,69.228509,7.399069,735.532323,groundnut
38.312466,18.615119,37.417897,29.609431,55.680771,7.299514,914.492745,groundnut
139.308943,54.379215,96.063452,24.306814,83.799236,6.628693,2091.577721,sugarcane
82.066265,61.561211,76.79855,27.502253,60.46878,7.449062,2023.671352,sugarcane
102.894468,46.662361,72.004259,30.059726,62.645448,7.185886,1490.754035,sugarcane
85.665814,63.697357,63.420567,25.071406,73.493342,6.512704,1339.94742,sugarcane
108.95417,34.921051,98.024185,27.938838,81.18312,6.431421,2118.588225,sugarcane
138.604642,66.701311,99.623466,24.739774,61.509831,6.642572,2184.617189,sugarcane
117.717656,63.023161,80.530151,20.352046,72.038596,6.526584,1728.503275,sugarcane
89.425053,54.801051,66.035093,22.835843,65.425258,6.182134,1584.613632,sugarcane
129.131449,69.73709,73.933963,33.163229,64.250044,6.809748,2306.950353,sugarcane
99.640822,43.45865,103.593431,26.637635,65.709698,6.07887,2354.131104,sugarcane
89.044874,63.292839,84.343045,22.687513,66.363432,7.479749,2066.711643,sugarcane
81.087312,68.564888,110.63018,33.633632,65.549812,6.505285,2103.585031,sugarcane
119.884387,64.86885,94.704835,31.79114,82.62847,7.276315,1504.525205,sugarcane
126.082346,51.850876,66.799396,33.376177,79.769417,6.203847,2124.282041,sugarcane
104.945669,46.662991,60.592814,33.438437,76.526137,6.253317,1780.351199,sugarcane
94.241222,67.640518,70.159307,25.364797,74.509308,7.091936,1623.506312,sugarcane
136.184432,35.921929,89.947186,28.659477,71.201464,7.399456,2053.512451,sugarcane
101.003441,30.134631,113.842596,30.947884,68.018705,6.052634,1812.863922,sugarcane
139.472754,52.788157,78.818483,33.801635,67.905479,6.239727,1218.518574,sugarcane
113.107483,69.564352,63.865884,31.667122,62.184724,7.412886,1958.14996,sugarcane
135.828871,54.137902,103.95254,26.044853,70.525621,7.487666,1889.564144,sugarcane
132.004077,55.487544,93.427442,20.877379,65.31747,6.390977,1301.261654,sugarcane
131.690032,38.692823,87.178129,23.165728,67.506162,6.470357,2208.019129,sugarcane
137.140676,31.081761,70.161353,26.561968,81.369284,6.705343,2416.338503,sugarcane
101.983296,46.406887,93.572077,34.940102,63.906109,7.022402,1327.190853,sugarcane
108.910459,52.653625,101.248203,30.366658,71.445586,6.331773,2271.282832,sugarcane
124.074823,41.506719,90.054299,32.34583,62.152753,7.303576,1237.218662,sugarcane
118.148761,42.071814,78.891794,28.335741,79.171696,6.680219,1805.265584,sugarcane
96.08589,60.032751,99.8685,32.42078,64.911889,7.002328,1870.611203,sugarcane
80.552202,60.823109,64.242452,22.155196,84.249845,6.911895,1570.163946,sugarcane
85.37275,62.66233,79.356015,23.478043,71.794494,6.521711,1659.236386,sugarcane
113.498315,57.941241,83.789185,21.06543,79.666954,6.116345,2149.552089,sugarcane
89.640794,34.459638,75.46885,21.568629,82.136829,7.125227,1728.062498,sugarcane
119.96111,48.353271,98.403116,31.33722,73.607062,6.69127,2365.198355,sugarcane
86.895323,63.94887,91.773516,23.979958,63.415287,7.3822,2400.384475,sugarcane
96.895529,65.130021,60.102168,24.367278,71.607084,7.437702,1799.584279,sugarcane
81.885598,41.773994,78.565911,32.336904,61.998394,7.220644,2180.590115,sugarcane
119.884654,38.970154,71.828385,24.973469,70.283164,7.390661,1470.745236,sugarcane
137.108637,42.906741,104.357002,23.160717,82.502584,6.425183,1296.407334,sugarcane
110.115482,53.647936,77.008414,32.509668,80.313033,6.338348,1098.372605,sugarcane
132.41542,60.080991,94.764432,29.539726,79.754722,6.453076,1394.797823,sugarcane
132.950082,39.467209,64.022259,22.53708,80.738409,6.078269,1038.862149,sugarcane
114.005644,52.593633,102.234928,28.826486,69.041999,6.382603,1786.700374,sugarcane
122.160469,32.760496,88.196991,27.671719,77.621853,6.267477,1880.271651,sugarcane
87.615938,30.07199,82.747534,27.439737,62.21584,7.273879,1140.937196,sugarcane
130.942225,42.24522,61.67869,23.749994,63.375076,7.176373,2119.257568,sugarcane
80.338341,60.232829,67.237469,30.347207,66.822125,7.19354,1530.068508,sugarcane
135.115048,68.940693,92.81508,25.259614,67.024781,7.421959,1571.919169,sugarcane
126.483145,53.393118,110.553204,21.525745,71.381423,7.122791,2345.004415,sugarcane
138.781496,32.362485,92.196094,20.358816,78.873952,6.246662,2420.982569,sugarcane
126.889718,53.357192,85.735899,27.472509,64.657078,6.847505,2320.691496,sugarcane
131.97954,62.304283,94.066727,20.829958,80.04236,6.189001,1073.324557,sugarcane
130.078718,48.684387,108.131593,24.650776,63.083852,6.320927,1734.950792,sugarcane
119.079033,31.330335,64.853906,33.922745,61.133131,7.17083,2219.35658,sugarcane
120.71058,34.056699,76.060054,29.217693,70.636677,6.787612,2111.640367,sugarcane
116.952697,32.026358,62.692035,25.204252,64.109489,6.555925,1191.659829,sugarcane
109.872456,53.488,87.583522,27.90508,70.142466,6.328205,1785.058122,sugarcane
104.852159,40.402975,116.431983,33.095254,73.820032,6.337895,2138.107551,sugarcane
112.9026,43.936627,66.975583,27.727909,60.107844,6.520374,2327.987328,sugarcane
102.34887,52.20649,78.947679,25.267768,68.917525,6.495774,1102.256211,sugarcane
94.190445,45.886972,70.596988,32.78297,60.197907,6.004291,1218.826297,sugarcane
125.41653,56.843003,106.494445,29.946762,72.079556,6.361262,1858.732255,sugarcane
88.96612,58.139887,98.014643,34.614348,77.057631,6.580968,1402.287961,sugarcane
89.838669,30.913522,61.064795,22.323046,84.735369,6.984026,1187.517793,sugarcane
128.350857,66.794121,74.516376,33.493652,71.729017,6.28552,1743.870413,sugarcane
94.722996,36.767962,113.343554,34.887189,61.981204,6.9415,1776.823993,sugarcane
134.98963,67.009327,94.28301,31.696908,62.727721,6.357669,2029.797064,sugarcane
94.239396,35.330316,108.304477,30.918195,63.918851,6.369072,1881.298128,sugarcane
108.740409,64.157354,94.843487,22.191927,80.590504,7.436043,1753.862637,sugarcane
90.929175,63.965015,107.725797,34.835216,78.551939,7.399594,1461.151991,sugarcane
119.991635,38.757965,96.394798,21.159176,83.913211,7.154815,1676.741564,sugarcane
95.362903,65.406113,105.081456,21.150944,61.035763,6.979996,1545.062387,sugarcane
136.972049,41.76236,74.579329,33.666202,69.43989,7.336939,2011.019656,sugarcane
95.188298,35.923972,72.352219,28.488554,68.074452,6.004229,2354.97553,sugarcane
113.498424,66.6299,86.460106,33.736654,79.329667,7.302797,2491.942812,sugarcane
130.791339,63.12251,106.733477,33.637691,72.036302,6.899725,1035.85625,sugarcane
83.960709,65.856417,63.657164,31.442217,80.095129,7.228174,1198.095039,sugarcane
135.081175,42.869654,89.91458,30.872735,71.250126,6.107989,2009.237023,sugarcane
110.442058,47.811666,109.925405,28.119303,69.017271,7.142158,1712.018562,sugarcane
138.121934,30.438619,103.080014,27.156247,62.287007,6.38336,1040.822448,sugarcane
87.013877,62.997689,108.551435,27.618039,78.447629,6.31194,1830.876972,sugarcane
124.769165,44.516933,74.047814,30.088135,68.268401,7.078278,1078.214485,sugarcane
98.601164,49.242087,109.374974,32.241795,81.390991,6.700632,1031.523373,sugarcane
81.581338,59.649578,82.079381,34.948966,73.344227,6.111943,1825.101348,sugarcane
138.880351,64.367792,115.571791,31.559196,70.459342,7.381242,1389.973994,sugarcane
130.757374,51.226798,73.597896,30.828605,70.754234,7.42512,1015.533495,sugarcane
123.597733,55.897745,107.220031,33.466209,77.7003,6.636022,1698.653437,sugarcane
137.189453,50.744853,81.61899,32.440394,83.767994,6.413957,2186.834857,sugarcane
100.177609,34.459555,101.362444,22.175948,63.648376,6.920032,1250.556039,sugarcane
127.949409,48.520164,112.417642,24.958746,74.530511,6.828179,1481.043411,sugarcane
98.816008,46.846559,69.851796,28.270061,84.620333,6.145695,2412.266496,sugarcane
134.192059,38.636742,63.677524,28.51428,66.051756,6.760613,1285.620901,sugarcane
98.649458,58.416149,76.039527,23.620251,71.363602,6.762614,1605.924404,sugarcane
101.383249,65.547104,119.926123,21.006655,78.543031,6.141305,2408.573016,sugarcane
126.239508,65.464805,94.934762,20.838792,81.919238,7.438785,1300.13472,sugarcane
122.137159,30.278217,62.419888,28.363264,66.5534,7.48381,1186.07616,sugarcane
96.900968,67.215587,99.645127,20.28982,60.484033,6.285318,1179.074583,sugarcane
86.622427,36.693275,91.051039,33.118941,69.894995,6.487419,1789.533669,sugarcane
114.067845,62.546569,81.276044,26.769949,67.325418,6.077126,1127.306354,sugarcane
119.316861,62.499854,65.460776,31.99977,69.962066,6.190348,1887.928371,sugarcane
74.546395,41.212042,50.802592,28.536577,47.286773,6.913639,444.515514,sorghum
50.696543,25.152372,31.440983,25.725752,55.790134,6.511563,289.829161,sorghum
64.818772,31.500513,68.324255,29.623724,59.821851,6.170928,636.870284,sorghum
86.600208,36.801573,44.733231,29.733537,42.657388,6.39146,668.129229,sorghum
85.630045,35.77842,65.371664,30.597463,59.472499,6.898406,527.826216,sorghum
51.29555,36.360116,62.809577,30.699031,48.710094,6.178577,287.755886,sorghum
64.941474,35.966833,39.573728,26.885289,56.869036,7.333467,738.063382,sorghum
84.213541,30.560217,64.327427,29.162929,65.207171,6.821361,454.299737,sorghum
80.214292,26.453895,29.05654,31.71165,58.677879,7.556448,715.023489,sorghum
65.934592,48.977007,50.138495,29.017273,68.76861,6.191666,444.789408,sorghum
89.080543,37.476467,41.207532,29.382742,58.145982,7.236932,627.230934,sorghum
59.315456,20.528328,54.914653,26.605699,45.587569,6.812275,546.418227,sorghum
79.635165,23.506943,27.336186,30.051032,67.696118,7.473574,745.644289,sorghum
83.391773,21.922344,37.731353,29.951714,53.399364,6.183402,452.68667,sorghum
74.072644,29.916462,40.188332,27.08253,45.397114,7.047898,592.653496,sorghum
86.398109,28.667452,60.748238,26.944813,48.36371,6.272376,436.679478,sorghum
47.597586,49.188429,55.019415,25.109233,49.563063,7.217667,552.774307,sorghum
56.3182,22.216112,66.82979,31.193252,42.186318,6.763044,705.637956,sorghum
57.017589,28.290138,38.056425,25.570234,63.825182,7.613681,537.281788,sorghum
80.657095,32.775563,49.599397,28.176487,58.780947,7.887158,513.492865,sorghum
72.956765,35.467829,35.087271,31.371117,65.435646,7.364304,306.519241,sorghum
65.224032,22.649278,36.184814,25.753858,44.309295,6.993208,536.416648,sorghum
47.711638,42.258986,61.063009,28.167072,42.88632,7.019149,665.578878,sorghum
81.169121,47.97883,38.212147,29.697883,48.136707,6.873754,749.026013,sorghum
64.579536,46.068384,67.371471,27.988458,64.839827,7.344147,698.749553,sorghum
84.674072,34.919859,56.274145,31.37158,66.828463,6.230103,389.19422,sorghum
73.666974,37.033083,39.94087,26.497372,64.390474,7.889468,497.722166,sorghum
65.177343,48.160989,69.170482,25.107386,52.691836,6.63058,559.234705,sorghum
83.255691,48.776957,27.41238,29.536071,58.689553,7.274989,503.597209,sorghum
69.946773,40.576592,62.489398,28.886145,40.278968,7.125624,630.874819,sorghum
70.670324,32.907201,29.745481,30.977812,40.535224,6.905733,298.159354,sorghum
69.818682,44.336401,32.2601,26.427485,49.132871,7.938393,699.191858,sorghum
67.055257,24.291438,25.276066,31.829204,69.884057,7.1328,643.855303,sorghum
49.53801,33.438623,32.533442,28.925649,43.249765,7.692882,663.616799,sorghum
78.337205,27.300578,31.605903,26.282839,47.895755,6.937606,522.075676,sorghum
64.67007,22.725864,62.236699,26.464036,63.656462,6.79911,380.721407,sorghum
84.938327,28.270787,61.295433,30.255471,55.205953,6.250249,620.867618,sorghum
69.990573,39.00395,66.46445,27.466658,56.66531,7.249292,470.988348,sorghum
57.113952,34.666371,52.351658,26.66979,50.937497,6.871574,681.14794,sorghum
73.457018,49.012977,49.091277,31.549372,58.193294,7.322007,464.684373,sorghum
81.02504,35.743667,49.14311,28.325379,48.420966,6.121063,383.704462,sorghum
77.566851,43.822297,47.00254,26.70248,62.136044,6.065919,673.037541,sorghum
61.590466,35.561241,45.740164,25.194341,44.061464,7.094449,455.873569,sorghum
44.830153,47.27626,36.859567,28.291457,60.85763,6.220174,279.779616,sorghum
59.777837,40.356949,27.234644,25.073384,64.062567,6.603889,657.345742,sorghum
52.159486,36.684175,35.566853,25.317595,64.388407,7.005853,634.725855,sorghum
77.431935,36.12892,60.819152,27.182172,52.462568,7.255339,638.544918,sorghum
41.016047,20.850328,48.525837,27.487031,66.283221,6.700475,322.913789,sorghum
49.798753,31.004985,66.617907,26.65112,58.332362,7.763074,453.773777,sorghum
82.6535,29.915656,48.617908,27.632136,44.190224,6.123915,354.697229,sorghum
68.557487,43.056109,40.748602,27.270561,50.266551,7.243618,537.965862,sorghum
52.486632,44.503346,26.281369,27.339334,46.784792,6.299916,404.797061,sorghum
41.140591,35.233052,26.145982,31.0618,61.095765,6.111227,300.732482,sorghum
69.75758,34.908513,37.447454,31.218905,44.134665,6.591364,561.22624,sorghum
53.648996,36.536596,29.356173,28.298443,58.042687,7.81641,428.195359,sorghum
71.879652,46.955791,62.171145,30.439851,45.986149,6.269934,619.351607,sorghum
68.977289,49.508734,44.864998,25.220129,48.402995,7.239701,281.808087,sorghum
48.750517,27.658865,69.277635,31.787308,50.541803,6.636193,679.312808,sorghum
66.658253,47.134067,66.282112,29.378922,40.573755,7.401643,707.791228,sorghum
54.228369,49.480551,59.33433,29.013748,43.935947,7.526762,292.441707,sorghum
59.086941,29.027789,69.979698,25.44582,42.860335,7.631604,455.550118,sorghum
83.539966,34.844461,65.649432,26.034048,61.604278,6.91919,347.110858,sorghum
83.36175,26.090601,47.582554,26.844276,40.483976,7.246746,493.835154,sorghum
84.181358,44.64465,41.539579,25.79228,41.52369,6.9367,562.509846,sorghum
72.078808,38.855539,49.225135,25.70918,66.507685,7.221991,514.765035,sorghum
52.949094,32.363484,45.294922,25.715065,63.060971,6.299749,441.264091,sorghum
71.015855,30.147966,68.825037,29.066327,45.368875,7.640336,378.475452,sorghum
78.685397,33.257396,28.993465,31.318825,68.317838,6.298196,702.556459,sorghum
70.508658,48.510522,67.490429,28.021889,46.477315,7.172741,397.646956,sorghum
60.623969,24.573837,58.285385,30.828305,58.538583,7.422155,418.946324,sorghum
53.13028,33.502557,46.421333,26.909528,56.81761,7.148597,347.793107,sorghum
73.625828,35.427306,50.703371,29.300459,44.671967,7.234016,277.42231,sorghum
54.903072,27.416788,60.086054,31.521751,57.48712,7.44017,499.350013,sorghum
51.427713,26.567135,37.390402,27.721555,64.487111,6.03335,540.935674,sorghum
75.249698,42.711915,25.012224,30.513538,45.474357,6.263786,401.648676,sorghum
56.408412,25.784064,53.74776,28.669499,55.667985,6.311864,704.609888,sorghum
86.192456,24.661332,49.315379,31.688664,61.744009,7.743369,550.304217,sorghum
66.45524,31.847911,45.642036,31.647943,49.752816,7.462952,323.846316,sorghum
53.374989,44.587164,54.790118,26.706262,58.297303,7.919299,560.591237,sorghum
41.211666,21.611653,68.701597,27.377283,59.420615,7.049193,413.098131,sorghum
58.594461,43.754844,45.929852,27.947415,47.799628,7.40063,688.912917,sorghum
74.397895,44.100925,64.255582,26.274743,60.49067,7.329855,599.417983,sorghum
61.790445,28.171026,55.584869,27.053998,48.808925,6.924903,463.40676,sorghum
81.554306,47.511505,30.059602,27.36456,58.497215,6.762209,299.113411,sorghum
61.094484,22.954859,68.525241,28.905983,48.537044,7.819892,576.503382,sorghum
54.104255,32.826374,53.397024,30.085872,64.821677,7.581214,382.565207,sorghum
64.52863,37.083869,45.907809,31.823464,67.365276,6.345254,589.856934,sorghum
46.076631,23.414295,25.938796,26.856221,63.618179,7.366658,616.860725,sorghum
86.169807,20.510019,46.797143,30.784061,49.659364,6.835558,588.097635,sorghum
50.857247,20.996162,50.777934,26.847566,47.186498,6.305605,599.296141,sorghum
85.672273,32.126696,47.564609,27.496367,61.984783,6.38931,385.373816,sorghum
71.406208,37.206459,27.149944,26.205888,53.345677,6.361644,270.458801,sorghum
78.241554,39.233756,43.414965,25.201313,43.21151,7.240576,439.847972,sorghum
65.162036,23.28899,40.162181,28.324768,64.343707,7.729588,285.283039,sorghum
84.785763,34.394375,45.303321,28.030296,61.798301,7.039362,416.732545,sorghum
49.012894,20.957859,65.619269,30.952107,57.117807,6.96896,468.838568,sorghum
89.880108,35.473366,59.159754,26.349591,66.237507,6.15875,352.754124,sorghum
59.412659,20.941587,26.494044,29.597956,66.732816,6.772822,302.65347,sorghum
60.288569,23.137241,64.926203,27.330259,62.143891,6.786461,598.87288,sorghum
54.085566,33.178658,52.779069,30.710121,58.901448,7.347541,450.028387,sorghum
61.380732,35.594383,26.589875,31.4579,41.023403,6.207562,320.846752,pearlmillet
50.782775,23.010282,50.120265,25.758529,50.930824,7.053384,561.334621,pearlmillet
61.930587,29.677708,36.30662,28.777053,52.361753,6.817999,554.436372,pearlmillet
33.98905,20.831487,34.502727,34.960802,51.588638,6.929052,291.72323,pearlmillet
40.171373,19.068367,23.52673,33.82908,69.5723,6.872685,252.531338,pearlmillet
35.393521,38.062094,31.889925,29.155144,64.05147,7.100809,413.299368,pearlmillet
41.413827,24.565376,29.734826,25.042761,55.475448,6.596448,530.846516,pearlmillet
53.926046,25.19281,46.966533,33.153924,43.599313,6.632407,351.853075,pearlmillet
53.858838,33.586875,52.749218,28.302556,67.667704,6.168611,460.499083,pearlmillet
69.522844,21.275212,30.698371,28.468249,69.937669,7.20407,269.60623,pearlmillet
49.981151,19.598541,54.059909,34.013544,40.197953,7.398456,569.334221,pearlmillet
39.027561,25.545327,26.327549,30.511929,41.553029,7.327341,558.117678,pearlmillet
66.323013,32.533552,45.893612,28.246891,55.778375,7.455786,343.752895,pearlmillet
65.171124,17.16542,32.347056,32.706846,68.034366,6.06054,333.836346,pearlmillet
64.562624,29.302569,21.842381,28.865081,40.009161,6.153096,320.369056,pearlmillet
51.375213,32.136894,50.98393,27.988182,49.949015,7.107953,257.224546,pearlmillet
50.923968,27.993354,48.342406,32.819884,54.655298,6.972724,496.440319,pearlmillet
53.395211,39.258138,52.229025,31.307027,48.946855,6.111986,298.5655,pearlmillet
67.258174,30.740981,40.061758,30.366629,57.537796,6.422115,500.364742,pearlmillet
33.755926,36.549214,47.060573,34.350861,53.700713,6.538128,325.901256,pearlmillet
54.361211,18.760694,25.017708,31.148725,56.543922,7.351791,441.369808,pearlmillet
54.482134,23.332718,32.399318,34.958572,49.787675,6.293193,465.175295,pearlmillet
40.743342,30.756221,32.563095,32.789463,66.581582,6.421585,337.173275,pearlmillet
68.420628,38.410357,58.844388,32.864401,57.754116,7.221169,390.161746,pearlmillet
61.332098,24.101615,42.742001,26.240901,49.286539,6.785465,342.977156,pearlmillet
53.286333,32.241237,23.237162,34.416603,47.326988,6.412873,395.673881,pearlmillet
68.449555,32.488294,56.821525,28.382061,57.093901,6.880647,544.503864,pearlmillet
56.36969,26.199792,44.916019,31.327532,52.225155,7.222739,483.238963,pearlmillet
65.647615,28.326737,52.089257,27.9608,60.951083,7.200313,268.592942,pearlmillet
64.337681,22.307335,26.428501,29.486074,63.435803,7.237439,412.411725,pearlmillet
66.535702,16.874267,25.995174,29.502715,42.46231,6.401881,364.255497,pearlmillet
64.175147,27.849999,44.970262,25.020593,46.798984,6.810121,529.772266,pearlmillet
68.904685,34.628256,20.538971,31.536166,45.272568,6.551807,382.98833,pearlmillet
50.091422,19.990676,26.661536,31.556951,67.440537,6.503682,521.153135,pearlmillet
51.626807,27.464548,50.937131,25.243156,64.890044,7.341491,374.116621,pearlmillet
68.300025,31.587416,34.699041,31.439927,46.557653,7.187503,349.950124,pearlmillet
37.818834,36.210687,24.171026,27.659948,58.986569,6.702545,440.158594,pearlmillet
60.000749,27.720243,41.859591,25.911957,61.112396,6.392118,372.289843,pearlmillet
57.438619,23.992857,26.675727,31.708412,61.335746,6.085706,318.58137,pearlmillet
55.871549,18.382853,53.246816,32.413077,67.799757,6.088999,258.444804,pearlmillet
66.093154,20.64682,31.716724,31.536784,56.10557,6.586773,272.796547,pearlmillet
69.922159,25.606444,50.550324,28.536642,65.269202,6.816766,316.938932,pearlmillet
66.086891,38.556385,57.578114,29.428223,45.836599,7.451495,394.466664,pearlmillet
52.358188,37.759844,35.112694,29.684235,61.165463,6.507233,377.953237,pearlmillet
53.117367,20.694782,30.595996,27.483242,67.715,7.120534,264.976132,pearlmillet
45.105041,30.936827,29.95079,28.803369,46.14734,6.466653,444.028601,pearlmillet
57.73537,21.795644,36.609368,28.935597,67.003469,7.491003,342.533143,pearlmillet
50.717053,18.510142,36.685466,32.369469,56.743032,6.225893,310.934522,pearlmillet
39.609087,37.671453,31.533179,26.114121,52.714397,6.383503,521.356299,pearlmillet
69.507788,39.301339,28.6309,33.374254,66.767678,6.290152,386.401434,pearlmillet
69.949639,19.378471,26.904684,25.060377,55.068267,6.376588,350.485603,pearlmillet
35.648994,34.818927,30.391115,34.528041,41.921935,6.117228,513.887735,pearlmillet
66.867604,31.855132,53.148026,31.358651,44.55912,6.986794,262.304033,pearlmillet
51.850887,35.890735,28.582884,25.707572,45.551692,6.302182,588.015545,pearlmillet
67.669626,19.176707,23.971475,29.7792,40.019337,6.262685,419.628433,pearlmillet
42.511055,35.63485,56.850987,30.665616,54.64805,7.074617,415.73063,pearlmillet
42.725799,38.805903,33.215974,28.168046,47.815558,6.94865,510.216634,pearlmillet
30.131244,35.804196,48.281137,28.233485,68.811691,7.317421,254.455478,pearlmillet
44.393395,19.121053,22.172812,30.86613,55.875444,6.292969,585.74029,pearlmillet
40.164839,31.566007,47.244562,34.553313,44.786271,7.43607,451.812184,pearlmillet
44.941711,32.564962,24.08279,27.249024,68.71103,7.319333,406.888299,pearlmillet
51.276194,27.240459,44.840789,27.474973,40.825745,6.007835,253.523421,pearlmillet
35.940491,38.894108,57.878308,27.504301,44.347463,7.249835,445.429991,pearlmillet
52.948353,16.398224,56.370372,30.167499,67.964425,7.328672,291.941724,pearlmillet
46.720263,33.518441,26.183736,33.650242,49.408756,6.370309,481.622996,pearlmillet
43.638196,23.146762,29.968924,31.771254,58.042027,6.206919,577.034145,pearlmillet
62.873074,23.408315,20.217441,28.704594,48.589927,6.844883,515.592115,pearlmillet
33.409133,29.441559,33.587048,32.334618,68.111191,6.197904,506.681862,pearlmillet
64.026981,34.71314,29.844533,25.704267,48.289079,7.043397,469.609238,pearlmillet
48.731356,16.332859,40.352045,34.497409,68.766113,7.450576,512.51068,pearlmillet
31.505984,24.746382,50.939109,26.182395,59.268822,6.112868,395.126819,pearlmillet
32.018649,33.880204,57.851214,27.850353,56.866133,6.581082,505.575539,pearlmillet
45.842146,30.262372,51.809625,30.593643,43.066459,6.201092,438.016417,pearlmillet
60.326319,38.313184,26.44306,34.384941,59.796378,6.431963,455.570826,pearlmillet
40.687429,22.420894,20.995313,26.711518,66.259236,6.435933,353.750042,pearlmillet
35.808352,24.898347,50.976127,29.797133,43.579913,7.252838,523.030398,pearlmillet
37.913579,15.782282,22.840598,26.905426,60.002488,7.076676,457.294495,pearlmillet
62.326553,29.659233,52.611993,31.620984,64.538631,7.23112,454.514679,pearlmillet
63.456008,26.012537,50.671369,29.656832,41.820514,7.072077,462.333657,pearlmillet
66.52679,19.355664,57.93868,28.665084,44.671969,6.604579,271.362291,pearlmillet
50.152081,18.668895,40.423029,26.955093,65.817204,6.245949,256.554645,pearlmillet
48.648691,37.249994,40.819413,34.965891,63.332837,6.388728,311.729843,pearlmillet
57.490345,32.52686,45.948498,29.139379,69.261789,7.227469,338.429077,pearlmillet
68.140323,37.314717,26.301605,26.087223,53.353519,6.163177,419.866158,pearlmillet
39.149473,38.833373,33.358184,34.795691,41.218463,7.110955,535.900172,pearlmillet
65.405297,34.995819,38.024317,31.479874,56.278833,7.440205,548.059856,pearlmillet
33.961444,19.079903,46.735258,29.139221,67.409152,7.487863,303.723348,pearlmillet
44.976033,20.060995,41.559009,32.188124,57.312482,6.108785,339.772315,pearlmillet
68.951412,36.894269,33.554379,27.677044,44.968534,6.35902,587.143412,pearlmillet
59.653624,39.692261,48.761919,26.186962,49.041647,6.790718,546.615366,pearlmillet
57.890345,27.455919,23.501643,25.219216,62.034408,6.719094,273.658747,pearlmillet
58.444988,30.844611,47.519984,31.545521,49.178481,6.282514,387.543419,pearlmillet
61.08378,28.425141,45.093834,33.556057,53.911181,7.497736,309.829652,pearlmillet
65.642152,26.266765,55.552741,33.984493,42.538715,6.598794,400.600513,pearlmillet
42.662524,24.746434,48.986521,26.752636,62.292244,6.158832,315.860621,pearlmillet
56.168249,33.593386,27.876998,32.518468,63.675635,7.140359,523.346695,pearlmillet
66.174561,34.986284,40.205434,29.791786,50.036598,7.407133,370.042213,pearlmillet
54.452711,25.570419,36.704006,26.129925,66.246376,6.044699,524.915953,pearlmillet
31.552792,22.9604,54.02506,28.270125,59.220482,6.080948,406.806829,pearlmillet
33.519513,18.149282,29.960833,33.38511,52.0343,6.290789,414.876474,pearlmillet
53.115344,21.760653,49.082764,24.368764,69.03905,5.744428,708.916695,fingermillet
33.696808,32.063611,54.061772,25.32234,74.998384,6.943192,709.906451,fingermillet
66.1154,17.808957,45.862514,23.703089,75.487583,7.305661,686.683209,fingermillet
48.976164,32.18373,47.475109,25.974182,58.925247,7.264685,625.218326,fingermillet
64.853373,22.233332,46.518406,28.356406,60.804869,6.144614,819.853462,fingermillet
46.642082,34.778194,46.553775,20.422325,64.550301,6.588739,862.068046,fingermillet
47.372449,34.694449,45.12427,23.721393,65.52994,7.19482,514.990772,fingermillet
58.724783,31.155514,30.062567,28.340868,56.564845,5.737342,722.268623,fingermillet
54.020171,26.207676,24.52433,26.873583,51.454912,6.772963,888.442402,fingermillet
65.06867,17.403,42.093935,20.053616,66.465307,7.190235,533.687719,fingermillet
68.148424,15.274955,54.700471,21.489315,66.485673,6.875081,883.66691,fingermillet
44.85244,16.245997,34.045104,25.925454,73.204129,5.545141,540.850215,fingermillet
39.352982,20.963638,47.233402,29.090613,61.131645,7.337722,887.620654,fingermillet
43.60102,19.924909,29.1491,29.358564,72.707085,6.465211,742.930087,fingermillet
38.040407,22.827222,39.840448,23.966961,73.665474,5.505449,829.991903,fingermillet
31.880349,32.655397,21.266762,29.024593,62.72515,7.01911,776.547166,fingermillet
36.993413,28.525009,28.491093,27.873036,74.895923,6.548733,787.51895,fingermillet
49.247786,30.83988,23.132328,20.215395,65.399311,6.015266,836.320985,fingermillet
50.000036,33.7736,35.524372,24.672118,55.691549,6.927175,530.820038,fingermillet
33.051662,22.645142,43.350446,24.10322,70.005616,6.388229,672.170802,fingermillet
36.232344,17.756181,38.796097,29.867904,73.54809,5.997729,881.626049,fingermillet
40.221741,25.262263,46.054989,24.664507,78.083161,5.571,466.394286,fingermillet
54.539857,24.980255,52.316434,28.169436,56.819192,6.947118,874.964382,fingermillet
65.317761,34.986263,49.864866,26.933892,52.290145,7.467121,663.662364,fingermillet
55.065366,19.256371,36.627726,29.017297,69.539665,6.073958,479.54028,fingermillet
37.12496,24.817361,42.334315,20.780097,69.05411,5.99471,487.839665,fingermillet
64.524459,33.207173,21.841337,26.842064,68.156595,6.876953,613.542618,fingermillet
40.759363,22.586526,28.657492,24.108631,63.653514,6.528159,656.460408,fingermillet
54.225425,26.43822,39.794124,29.338255,64.368448,7.39426,683.557872,fingermillet
44.766653,24.899656,31.945937,22.348716,61.782563,6.392763,706.745746,fingermillet
68.666766,21.332239,31.72415,29.293932,59.372822,6.727738,820.429042,fingermillet
69.025966,17.035176,33.308951,22.433564,72.98128,5.972319,552.358881,fingermillet
52.039957,34.95429,46.428288,23.604593,74.98395,5.506467,805.252427,fingermillet
46.131796,21.553746,42.711871,26.019367,62.521732,6.935559,622.224771,fingermillet
41.998615,26.217119,26.777284,29.478162,61.917524,7.136629,515.276757,fingermillet
46.64469,19.994977,30.030167,23.764164,68.636703,6.321741,879.844048,fingermillet
39.742195,22.59577,52.691217,20.721349,70.620273,6.838333,583.292604,fingermillet
60.267666,23.400153,30.704268,29.636029,66.762449,5.757665,730.475709,fingermillet
57.349012,33.676751,30.227385,21.37427,75.160679,6.707445,572.157668,fingermillet
35.206671,19.053355,32.981079,23.707495,56.740614,6.873031,460.775403,fingermillet
61.451551,22.36508,27.362363,26.574513,67.520324,6.012956,677.904552,fingermillet
46.406492,23.975863,29.883561,20.106701,75.654595,7.173411,479.088957,fingermillet
33.772321,33.350971,45.855184,24.845711,53.767295,6.739119,706.944842,fingermillet
34.042825,26.841374,23.921382,22.170512,54.39792,6.386665,746.025428,fingermillet
66.25898,23.482419,50.055381,28.7545,53.45745,7.164862,828.571453,fingermillet
38.235652,28.641244,42.147463,21.724921,58.510218,6.576721,598.074247,fingermillet
62.534876,23.177763,39.967765,25.471018,77.79281,5.626976,714.731257,fingermillet
59.860045,15.757564,50.03255,29.390216,54.677298,5.586025,461.423876,fingermillet
60.380258,27.138121,46.351898,25.047782,77.172391,6.218704,630.560213,fingermillet
64.116633,16.666558,46.866134,25.472585,73.119793,5.647913,573.935977,fingermillet
48.099899,18.731234,42.26329,21.334341,64.152853,6.513056,707.875138,fingermillet
66.951633,17.901744,31.060221,28.311092,68.911097,6.222536,657.308998,fingermillet
41.413872,30.133829,34.172042,25.57395,52.05716,5.783085,791.59021,fingermillet
50.360101,21.523338,53.899789,26.152631,56.981699,5.903792,681.373831,fingermillet
41.082343,25.230801,41.431947,21.19916,58.602797,6.516957,830.200798,fingermillet
38.809857,17.205884,43.153591,23.277108,71.841972,6.438769,550.749724,fingermillet
58.735104,29.148393,46.437992,26.269473,78.067197,6.555834,786.632712,fingermillet
53.632056,33.760375,40.868011,28.18521,65.327542,5.745368,856.226413,fingermillet
33.909184,21.577216,37.874144,27.85774,66.368745,6.172534,605.94812,fingermillet
37.349518,34.220451,50.881144,27.408616,62.829001,7.46908,605.715234,fingermillet
34.023426,24.074804,47.212633,26.703317,60.923744,7.076107,636.851989,fingermillet
36.97493,30.731093,47.7573,25.514934,64.544358,7.419327,828.076487,fingermillet
48.4178,26.264875,36.423694,20.485901,69.601444,6.454551,851.313924,fingermillet
41.298219,29.186516,50.771505,20.356988,78.55444,6.96799,736.531578,fingermillet
43.889732,27.264094,52.151007,24.978464,69.22131,6.028018,498.991243,fingermillet
37.871616,16.619076,24.002464,29.603315,64.174532,7.154501,813.192439,fingermillet
53.948148,23.370172,21.366837,27.301658,50.329117,6.593042,499.041328,fingermillet
68.782527,29.186602,49.71387,27.046705,76.887846,6.831129,576.361383,fingermillet
52.347834,23.071136,25.2249,27.473019,68.044466,7.313049,459.722958,fingermillet
58.040656,22.794506,38.445753,26.164119,76.531767,6.554888,486.034156,fingermillet
37.662876,21.934802,24.820493,21.709946,66.841338,6.325371,520.71108,fingermillet
40.005266,15.74642,32.948957,25.480449,59.898796,5.61636,463.357921,fingermillet
49.538712,22.95143,43.373242,26.761385,61.491224,6.44078,895.087764,fingermillet
58.547169,22.786842,20.171199,20.69407,68.759203,6.012087,625.461484,fingermillet
35.260301,20.678274,43.252319,28.566463,51.042383,6.802699,590.55501,fingermillet
50.104852,16.639537,34.997368,27.916558,64.202466,7.385923,884.815818,fingermillet
34.188035,24.758696,49.19138,23.894126,63.077269,6.892802,695.400229,fingermillet
50.616107,20.60564,25.460166,21.945989,75.285575,7.459079,503.033329,fingermillet
54.362095,19.924755,39.994922,23.633535,69.051427,6.593804,785.059324,fingermillet
45.170662,15.568559,26.024051,29.716757,70.894715,5.892402,771.901128,fingermillet
61.552872,25.547972,47.881387,20.253928,60.566617,5.675152,657.628997,fingermillet
45.653184,21.962517,36.995374,27.968862,60.649239,5.619683,893.012885,fingermillet
39.145825,15.142487,23.85794,25.340403,55.442912,5.75048,608.855735,fingermillet
38.954383,28.140125,27.292896,24.672567,52.832339,7.39223,638.051812,fingermillet
62.610572,16.063953,31.632578,27.783877,54.080825,5.829686,691.228415,fingermillet
52.962448,31.823919,50.469989,20.887752,76.86392,7.048008,710.412639,fingermillet
55.97202,31.057512,48.07321,27.802215,58.538568,6.631964,647.063213,fingermillet
58.722053,20.045626,36.992249,25.858067,72.630151,7.186978,772.48301,fingermillet
46.865596,31.124835,48.216701,27.685513,55.754531,6.198192,876.631335,fingermillet
35.298919,17.186132,30.337745,29.545715,64.471379,6.609406,897.656393,fingermillet
42.607961,25.858927,23.088581,26.951235,54.788829,7.275635,729.995393,fingermillet
34.483593,17.69644,33.168115,21.331099,62.819713,5.598326,765.440419,fingermillet
32.525845,34.584815,29.304687,22.607324,51.561247,5.654776,578.972094,fingermillet
33.68652,30.469608,49.322157,23.872002,74.872802,6.176023,661.774692,fingermillet
56.970723,31.259747,35.646481,22.363721,79.346837,6.249463,773.677838,fingermillet
58.276577,18.073755,30.617535,20.381365,51.688361,6.81155,624.100454,fingermillet
49.095108,15.738101,40.941263,22.139806,64.201791,5.629073,627.909539,fingermillet
31.686611,16.109219,35.792624,23.557655,64.317675,7.47723,672.244684,fingermillet
45.499145,21.914441,42.741295,24.436735,55.849005,6.217887,551.672156,fingermillet
30.1,28.724196,27.133262,20.254611,64.458922,7.485994,851.15001,fingermillet
34.863337,20.687623,39.782822,25.798021,50.916807,6.246674,508.813524,sesame
24.612528,25.724609,58.042373,27.788003,71.637813,6.061903,576.069651,sesame
43.277355,27.024126,47.409675,28.031343,53.941723,5.697896,586.898379,sesame
36.932368,32.44664,44.41302,32.007541,50.120567,7.108334,527.054944,sesame
59.948181,32.795572,34.637203,31.763121,66.955172,5.799841,623.525566,sesame
51.355459,30.982083,47.691006,32.561028,62.521832,7.764127,421.204744,sesame
26.731518,25.968397,36.165844,30.162883,62.874127,5.785806,597.750312,sesame
21.272056,18.171945,20.132985,26.619329,57.934321,7.399503,441.032638,sesame
42.070088,30.970029,29.06481,32.906597,63.066916,6.961749,602.684493,sesame
31.331176,29.316309,57.365142,32.025246,50.041985,6.733973,598.210247,sesame
27.485127,33.637154,26.686948,31.191071,66.555825,7.595295,588.059722,sesame
55.744275,38.254672,22.667988,29.296646,62.299196,5.752532,553.593939,sesame
35.666126,22.462108,29.446202,30.986794,58.797018,6.849006,478.77851,sesame
41.474752,35.042599,49.508547,31.903204,64.412855,6.329553,426.179693,sesame
26.127332,18.874626,48.730975,31.501526,55.690927,7.814342,614.671658,sesame
26.672168,39.373522,46.00204,31.067468,69.747176,7.591397,522.415331,sesame
31.885186,39.979109,59.359331,29.112932,54.525278,5.566529,613.134275,sesame
57.429412,23.791295,54.539693,30.427103,72.246598,6.996258,416.53563,sesame
30.170243,16.295516,54.622727,33.765202,72.426308,7.646516,581.102668,sesame
33.606829,25.955324,20.633525,27.179555,69.705544,7.907303,455.413876,sesame
37.367345,25.433035,40.685834,26.169626,57.738048,7.092664,432.287549,sesame
28.686738,29.876128,49.918396,27.665768,71.625386,5.766279,423.269114,sesame
46.74882,17.671292,58.969932,34.803547,50.69265,7.414904,412.373783,sesame
52.570327,39.944911,35.396311,33.090397,70.109674,5.625721,471.522986,sesame
36.988542,29.296097,56.319385,26.673563,52.347286,6.696178,448.957286,sesame
36.767068,39.769027,20.882349,32.810275,59.386431,6.811915,596.198849,sesame
51.728221,19.082922,30.683858,27.721319,63.398944,5.89062,443.017579,sesame
31.203534,27.850067,37.531157,29.860277,69.831977,6.825294,431.498255,sesame
53.364671,23.004129,36.832591,30.345173,73.754622,5.781742,531.1742,sesame
24.430668,26.062151,45.431603,25.832517,73.624928,7.126455,412.522162,sesame
58.59591,26.857915,58.984938,25.129669,74.364362,6.384562,457.591153,sesame
50.279771,27.734773,57.797651,26.532707,52.428377,6.735875,488.976742,sesame
46.649305,31.314328,53.623251,26.617106,70.413692,6.150446,546.703616,sesame
58.288746,37.1045,35.251119,30.194921,66.984123,6.924047,476.048053,sesame
59.449342,38.025915,57.346679,28.197141,57.389353,5.732636,639.903433,sesame
58.740547,35.060274,58.587455,33.057755,52.866585,6.170204,644.746503,sesame
59.195524,16.250931,41.968836,29.251969,56.098077,7.257855,480.823065,sesame
32.572503,22.072969,33.181164,32.229161,50.262534,7.125082,405.851374,sesame
54.981744,26.829137,54.461397,33.828984,74.574784,7.632707,497.009866,sesame
46.737663,35.836478,36.225084,30.822915,66.754364,7.928262,477.919802,sesame
36.661986,34.266182,27.114841,25.928271,72.081748,7.930539,513.781436,sesame
50.496804,26.730474,30.471199,34.468033,73.301576,6.828241,504.49318,sesame
45.739026,38.132049,40.676849,26.669984,53.835982,6.506608,489.751215,sesame
57.526205,29.749098,52.142344,33.015897,51.817333,7.825721,443.131359,sesame
24.89529,36.677732,24.298087,29.815475,50.699162,6.910761,463.340837,sesame
50.763141,33.758108,30.244113,31.347106,51.794055,6.752594,408.684101,sesame
57.690575,17.991799,50.536318,28.665512,54.698286,6.320976,541.632326,sesame
33.074024,35.849742,41.820847,27.693047,50.143032,6.472216,599.441573,sesame
29.7858,15.810518,20.778392,34.9805,54.434622,7.361217,499.658544,sesame
26.628516,33.102593,52.157996,32.276248,70.730097,5.509781,429.218794,sesame
40.798624,29.475595,34.867571,26.478188,58.823326,7.814036,646.199954,sesame
56.219219,26.713395,58.097094,32.963126,54.065526,6.373078,552.047102,sesame
23.494306,23.027364,57.895215,30.811426,69.376731,7.999723,497.696935,sesame
43.597559,19.032207,57.620806,33.869743,55.683927,6.958637,564.714746,sesame
37.420002,30.880149,23.337726,29.268304,66.956692,5.90546,418.969477,sesame
44.468388,20.536826,47.932087,33.229032,69.660706,7.669843,412.392823,sesame
24.35633,26.91838,26.915518,30.481413,54.889665,7.928593,500.444928,sesame
45.274511,16.907543,47.616081,33.606626,65.217426,6.742198,564.747885,sesame
48.44548,31.036172,36.249382,29.706433,74.589092,6.703908,414.032194,sesame
31.844542,17.579428,42.19699,34.082407,52.889674,6.664348,616.274331,sesame
55.785219,33.478256,53.764439,31.33236,50.209885,7.004958,588.433297,sesame
53.120566,18.280666,46.185734,28.260534,63.202597,7.372926,542.43417,sesame
35.124461,33.289669,33.268563,33.41585,52.034427,7.074269,437.672031,sesame
54.775294,29.887524,48.057426,28.084057,50.585938,6.691321,556.757376,sesame
30.619966,35.427025,46.369713,30.081897,54.64308,7.755462,462.791959,sesame
49.116043,16.626698,23.59434,27.860875,57.008157,5.700027,460.975657,sesame
20.386593,36.206067,53.647276,34.121063,72.73599,7.260944,537.005324,sesame
36.977288,23.777969,42.789907,31.447933,62.288285,7.393039,436.816385,sesame
47.830655,16.561625,49.601724,29.251179,66.286398,7.873079,444.20978,sesame
34.940053,36.872347,28.12518,30.416157,69.183512,6.499481,600.600455,sesame
50.95278,25.389327,54.384357,26.168217,74.499766,7.114495,581.730203,sesame
49.228547,23.042399,51.845027,27.500671,60.028264,5.806162,442.280145,sesame
47.779066,26.614032,52.753794,34.092622,54.010572,7.008085,526.766753,sesame
56.206296,23.174703,21.678977,28.146301,73.69319,7.094515,487.045943,sesame
28.351741,39.442474,32.850704,32.041507,51.170683,5.873425,605.565174,sesame
46.603248,21.103155,55.293403,31.385763,71.149524,7.523357,448.225475,sesame
55.030872,23.150579,42.994301,32.302123,56.204518,6.086631,438.75559,sesame
56.405036,16.620225,28.614743,33.340358,63.711917,7.142969,461.70437,sesame
21.267755,18.171724,23.481129,29.687861,56.648149,6.621391,612.362461,sesame
53.244355,24.47465,48.939594,30.266876,71.850223,6.919323,649.316022,sesame
52.936462,35.161941,32.835992,25.247335,62.198426,5.553098,499.879365,sesame
41.014836,15.75306,54.316542,25.561015,74.258865,6.521292,588.791252,sesame
46.058963,34.406228,33.673993,26.734952,55.253905,6.437338,547.249836,sesame
27.783326,17.826981,50.706284,26.582711,55.463974,5.836026,588.556713,sesame
53.219653,31.986994,58.405225,27.289816,62.078586,6.428699,533.176712,sesame
50.034452,32.753926,45.465364,34.685985,53.791626,7.034723,503.474158,sesame
32.964992,21.395345,42.628601,34.369774,69.929856,6.934125,556.468495,sesame
20.5327,27.226287,58.808932,28.757113,74.659012,7.062959,565.083761,sesame
26.066007,38.942948,35.232968,29.450018,63.127453,6.173953,516.038779,sesame
31.339292,24.373173,30.768051,27.657545,70.951801,6.184356,487.275306,sesame
20.858561,17.149358,24.740203,28.458886,61.657322,7.709737,552.245524,sesame
42.351283,39.815672,28.103217,28.394077,63.178115,6.905388,509.082733,sesame
29.779652,31.273586,59.300037,33.209328,50.765462,6.981254,527.052178,sesame
39.747644,36.672839,58.654753,29.398927,62.030059,7.171812,620.750273,sesame
56.032072,33.188523,27.191022,28.88094,54.730104,5.736434,521.684596,sesame
51.121369,31.31477,50.019745,25.995202,74.662394,7.043905,633.855795,sesame
39.300731,15.15316,23.714566,28.954024,63.049058,5.760719,537.135177,sesame
54.199758,18.459099,48.333509,26.638074,66.558353,6.269751,401.996725,sesame
36.822011,34.112976,31.239145,32.043601,73.85799,7.689035,640.992847,sesame
57.284542,22.848438,26.691427,33.281756,66.134644,6.60367,520.877982,sesame
26.287011,32.055935,51.995512,21.546457,73.32799,5.603138,993.028682,redgram
40.595006,32.290707,30.125769,28.990013,73.738472,6.562939,751.325107,redgram
58.061099,30.474026,43.227856,29.836974,70.559038,5.922603,625.884688,redgram
28.929735,35.31083,34.251996,23.223247,71.730463,5.967692,835.43234,redgram
35.216809,30.917881,24.680204,20.082587,55.381067,7.430017,938.816515,redgram
59.761202,27.013994,51.996531,24.089341,51.20059,6.234583,673.068834,redgram
22.527149,29.885783,26.950291,20.058434,67.806204,5.932389,709.206955,redgram
36.062899,32.6045,45.910677,25.760597,55.887802,7.211932,628.382941,redgram
21.534296,24.6214,34.14792,20.657954,68.294762,6.241557,835.544535,redgram
55.991985,38.900809,43.133073,20.551202,64.541847,5.892186,959.895196,redgram
21.069067,21.10586,36.312527,23.085611,63.238486,7.485972,661.448112,redgram
59.420496,27.240511,21.610875,28.140527,69.056216,6.64599,732.466232,redgram
32.475653,18.085222,34.815631,26.007302,74.115695,7.05305,902.758916,redgram
52.915251,37.759318,34.878053,22.136886,56.587241,5.854686,680.855529,redgram
42.984209,33.13663,46.538856,28.049349,68.80804,6.909255,880.097354,redgram
53.971741,20.347924,53.810766,20.035723,50.488916,7.000766,978.817201,redgram
50.859004,18.914148,30.039211,26.299726,52.375825,6.340008,647.131043,redgram
36.849006,32.689128,22.018897,23.578939,73.921988,7.183683,950.07757,redgram
28.852932,18.575622,29.235041,22.768362,53.4016,6.442572,806.656062,redgram
24.974951,25.57817,22.32679,22.746103,54.794997,6.23496,964.952739,redgram
47.071964,34.868819,47.904945,21.561148,72.622038,6.434947,637.084539,redgram
54.039992,35.903029,42.323406,25.167557,67.014906,5.573663,669.572034,redgram
34.400667,27.140476,38.44503,20.462002,68.626239,6.581919,787.845472,redgram
50.668295,17.414917,55.787483,20.207971,50.516581,6.846076,916.80507,redgram
53.51563,18.021719,28.156326,21.693205,71.20804,6.239305,809.878113,redgram
42.973951,35.007293,44.421663,24.61313,74.351929,6.151463,859.58537,redgram
53.4518,37.427432,59.649247,24.567464,63.32113,5.837144,997.76453,redgram
36.496997,31.203519,49.356702,24.337899,61.448068,5.924553,760.430703,redgram
26.780858,29.427335,34.060496,27.590323,68.480761,7.412715,795.811596,redgram
30.852361,17.392324,38.771601,28.771659,56.437275,5.728767,752.686477,redgram
24.870908,25.898086,27.380346,26.994156,50.433671,6.192685,931.117162,redgram
44.685347,19.070995,22.686069,22.335472,60.345304,7.363806,651.570812,redgram
45.150804,20.913399,32.107372,25.751567,52.8063,6.617779,648.363632,redgram
55.985909,34.830937,27.135805,27.842137,52.93777,6.140244,634.927749,redgram
57.427522,22.084439,41.125402,27.64459,52.145854,5.679833,831.759109,redgram
33.449056,26.548491,57.192527,26.103406,57.401233,6.750263,914.054108,redgram
54.646206,25.192971,59.66125,21.896479,62.980589,5.538718,847.499842,redgram
37.216986,29.620423,36.221973,24.288253,52.195559,7.471654,943.705197,redgram
34.518097,24.899962,32.826622,20.003736,74.428801,6.240627,766.083685,redgram
53.384986,21.675281,37.861256,27.837148,62.631976,7.384403,810.173686,redgram
48.383258,18.355224,54.104475,21.724524,50.0207,6.676496,767.086524,redgram
45.043777,39.293648,45.654812,20.448695,51.11319,6.283139,846.048538,redgram
49.154431,19.321778,40.274234,26.218585,70.456495,6.464577,694.798458,redgram
31.206007,16.541165,45.596137,27.757338,58.803547,7.381888,728.456403,redgram
25.195879,29.091641,44.869247,21.339029,59.060553,7.212114,976.019092,redgram
38.700941,24.471431,54.132896,22.565746,51.620331,6.620107,809.626415,redgram
39.29544,18.115723,27.038349,23.099439,57.162021,6.270328,724.400369,redgram
53.743874,32.243057,58.749899,26.606875,69.626392,6.228991,719.200194,redgram
25.404103,18.783176,45.723273,25.879125,57.659277,6.942746,869.604093,redgram
55.909923,30.597506,41.839362,24.779254,58.94247,6.37498,901.441527,redgram
46.437906,21.018616,35.274675,29.527938,69.363708,6.292447,896.402775,redgram
24.848933,20.03116,58.70404,22.584794,73.608814,7.409696,794.73819,redgram
41.366254,30.860643,58.121578,28.212609,71.898626,6.026454,969.594574,redgram
21.188995,34.296176,39.043272,29.880259,66.439987,6.71018,703.941269,redgram
51.831307,17.559178,32.926854,25.915241,55.765863,5.896644,652.635106,redgram
51.602398,26.942761,36.194392,20.119359,51.937613,7.385713,755.829628,redgram
57.380647,20.084177,33.274293,26.23562,74.387335,6.842535,962.393667,redgram
59.786404,30.060245,56.89268,25.703344,74.34096,6.930671,650.929093,redgram
38.124184,19.757575,37.849522,29.580143,62.816851,6.583757,930.918649,redgram
26.924068,16.276828,26.333879,28.756342,50.588217,7.104997,683.090517,redgram
29.120468,35.337134,53.073445,28.195305,71.297435,6.899096,910.671477,redgram
23.678139,31.54371,51.784411,28.451542,66.90473,5.535015,877.683843,redgram
47.911794,36.993437,44.686461,23.142913,58.726928,5.561317,926.822147,redgram
35.496866,29.29088,47.994922,22.11443,71.832198,5.786576,693.36193,redgram
24.508081,34.311969,27.615176,22.191537,66.251169,6.186805,704.865837,redgram
21.007533,22.377466,48.263168,20.315764,58.519063,6.017585,775.762688,redgram
28.916811,33.655034,42.332858,26.698703,58.884411,6.486968,814.475378,redgram
31.263787,22.746734,24.627667,23.503269,60.181711,6.558666,948.329994,redgram
39.376967,21.315925,26.459617,27.10901,67.304624,6.019745,876.07408,redgram
32.436427,24.868751,59.590218,28.44072,62.945296,7.455661,714.80727,redgram
52.599028,31.837566,53.405202,27.702282,51.173464,6.884741,989.955711,redgram
35.014145,32.91426,25.566617,26.314206,55.322041,7.220678,956.888099,redgram
52.661552,33.551208,34.684249,23.745988,62.702579,7.476644,638.855511,redgram
27.278169,17.156214,58.512189,21.104786,50.501294,6.712202,726.978597,redgram
36.365116,23.731098,29.490941,28.861807,57.736792,6.807512,843.227675,redgram
45.016136,18.319626,26.572797,26.124329,67.910689,5.651288,991.712386,redgram
35.527313,20.310242,25.763813,28.093519,55.593362,6.260593,753.750978,redgram
48.316968,17.385737,54.883082,20.123645,64.855197,7.092852,947.70418,redgram
33.748759,15.199774,34.435598,24.191731,61.123893,6.080677,944.194003,redgram
35.923137,19.900854,25.051032,27.555166,73.659821,5.710492,911.091659,redgram
46.869716,20.980973,57.749431,28.747844,50.484382,6.83981,851.537269,redgram
28.943386,34.953066,50.443687,20.236548,53.887217,6.265325,850.221702,redgram
36.936636,20.903179,46.26154,22.721875,68.671931,5.808083,703.665565,redgram
50.921619,32.44606,34.998263,24.152969,73.170647,6.942562,908.820078,redgram
21.239105,23.531206,41.293143,24.089881,68.906779,5.96086,794.613114,redgram
31.335328,26.149053,35.000906,20.660303,59.498154,7.301299,646.924598,redgram
41.337401,26.533344,52.897831,25.959616,63.693584,7.338663,961.452616,redgram
31.530597,18.664058,48.925537,26.473106,65.67126,7.359947,905.987176,redgram
35.084205,25.536722,29.938205,20.505314,71.233941,7.07027,970.26395,redgram
45.154665,33.848329,55.797416,23.303643,64.414831,7.211572,752.352358,redgram
32.183053,29.714923,26.26066,20.912629,59.183181,7.023622,854.83202,redgram
53.853749,24.500153,34.256151,24.0967,57.257674,6.347218,897.739536,redgram
34.269688,26.587804,46.584474,28.703698,58.410068,6.89722,852.510245,redgram
51.7855,27.052861,39.248873,22.404545,61.143639,6.928593,984.910306,redgram
59.950344,36.043655,28.044409,26.761295,51.791136,7.479066,983.636831,redgram
28.045076,21.025263,40.798721,28.403982,58.438411,5.81961,940.28598,redgram
57.222223,16.909747,49.22319,23.279068,51.170005,6.660134,761.695417,redgram
35.557684,25.797523,29.34611,28.676217,71.788036,7.042184,864.526979,redgram
37.227159,38.861848,46.090879,24.090073,57.360931,6.195876,685.873682,redgram
27.715663,15.067927,47.669388,22.346316,63.826597,6.200843,796.264443,redgram
48.911106,15.440231,33.70321,32.326,69.416913,6.193942,551.18473,greengram
41.321255,18.24642,49.157343,30.342197,77.409665,6.590831,382.560136,greengram
40.690696,17.992105,46.183701,30.073961,67.315455,7.206767,540.138059,greengram
24.889876,25.291514,37.559746,32.849697,56.945255,6.401536,427.04847,greengram
48.792901,23.083681,39.72311,29.466424,62.785269,6.357201,463.833783,greengram
47.560317,19.460831,26.3321,34.019085,76.403336,7.263042,516.958813,greengram
53.922611,27.641235,36.104646,29.799731,58.537216,6.84073,449.216079,greengram
28.708067,28.766185,44.728214,32.715863,69.653317,6.118093,452.049648,greengram
28.912899,19.273104,44.619395,29.01926,54.721183,7.051497,509.307068,greengram
43.396644,31.702884,45.923617,29.821726,72.598739,7.253262,441.787848,greengram
23.610074,35.147121,55.137813,32.499374,74.70106,6.896984,448.962392,greengram
53.695864,36.245417,45.600375,28.321536,57.048338,6.780735,443.577162,greengram
29.938296,26.972113,42.609523,28.963691,73.688707,7.291578,519.814398,greengram
54.238782,25.534667,49.258884,28.45972,65.067891,6.469598,411.17489,greengram
24.853602,38.078093,30.015939,30.926273,77.511758,7.072815,592.548234,greengram
35.228007,35.368267,21.728655,27.709492,65.701899,6.833305,562.911817,greengram
53.151669,23.244623,44.859308,30.18597,60.766045,6.80685,416.771435,greengram
20.731286,30.152434,28.224226,27.256677,53.375356,6.59526,538.148194,greengram
59.699925,39.769461,44.520423,25.188447,72.108079,6.452059,525.71888,greengram
47.88413,15.799174,50.099815,31.159303,63.224505,7.173,416.484583,greengram
33.69537,16.412041,47.29911,26.38765,74.143947,7.171614,535.924427,greengram
24.426192,25.681083,33.214032,29.377825,71.558507,6.822616,524.602852,greengram
23.086283,17.267672,30.321375,27.631209,65.980501,6.720653,589.217927,greengram
51.394791,34.077398,23.41656,31.245419,56.165794,6.844838,532.302772,greengram
49.014159,20.321484,30.848644,31.919297,77.056514,7.02216,542.545079,greengram
27.190376,16.380872,20.865497,29.970684,63.894287,6.326288,551.9197,greengram
54.081395,29.403229,26.353616,28.993405,60.896752,7.478188,554.973658,greengram
46.743959,16.408001,56.087464,25.420353,59.689403,6.36863,459.495825,greengram
28.992638,28.274,36.53406,31.177057,57.477316,7.145052,536.358307,greengram
52.208054,28.295265,31.03663,34.52155,76.68995,6.476966,581.35983,greengram
27.645329,30.704463,32.842553,28.731116,50.098377,6.745676,375.248012,greengram
45.007055,15.206196,32.955663,29.390963,78.282031,6.064088,442.281477,greengram
24.649558,20.328744,44.250163,34.687657,65.692811,6.235622,542.404539,greengram
42.055787,16.241814,48.425613,30.465334,60.422961,6.491424,423.006716,greengram
51.675064,32.063543,24.255412,31.488623,59.599945,7.316657,452.923708,greengram
26.763467,17.903379,25.61999,32.782007,55.952141,7.124421,443.536121,greengram
40.645344,22.075312,58.684233,34.254891,51.25821,6.504264,439.728256,greengram
23.599079,31.064091,33.682957,28.830805,55.312901,7.268772,491.307446,greengram
55.086058,16.630701,32.160887,25.033476,57.402355,6.595614,522.697379,greengram
53.485221,21.053704,31.149287,30.143359,74.040749,6.439259,400.970639,greengram
27.816076,30.184921,24.487207,34.11364,67.933486,7.262049,418.714734,greengram
44.340105,32.155956,58.489651,25.281125,76.814652,7.103825,576.699828,greengram
31.087329,37.184976,44.115272,26.198857,71.656609,7.005617,524.41952,greengram
27.155101,22.553992,36.294251,28.126166,68.63724,6.289473,430.564902,greengram
44.310699,36.389306,46.333142,28.00746,61.91628,6.643556,577.631808,greengram
35.483138,25.315354,30.603544,32.753748,64.015224,6.756957,362.815553,greengram
44.546806,15.610208,24.191983,26.54255,67.127537,7.38596,428.80023,greengram
38.720286,16.950973,44.111125,25.957592,54.979008,7.440092,524.076106,greengram
37.93897,31.534724,32.717463,32.266391,63.489088,6.740228,441.169515,greengram
30.419825,21.799952,26.930609,31.794477,56.461594,7.054698,357.086361,greengram
41.900298,23.318482,27.083528,34.506842,54.288704,7.37718,483.31656,greengram
54.166361,31.104754,25.384148,26.692174,64.251363,6.186587,362.215167,greengram
55.730349,35.925983,47.784444,30.947604,57.32054,6.527198,440.41134,greengram
58.964241,35.910375,40.45304,32.220126,54.576834,6.918423,474.498091,greengram
55.241316,30.509149,31.72601,31.53653,64.026114,6.103079,561.020476,greengram
52.282204,25.138876,28.25973,30.829942,70.245736,6.80035,511.154038,greengram
51.727445,16.838021,59.797866,27.200252,51.542478,6.505337,427.023793,greengram
20.47851,32.926982,57.543788,32.354123,63.095082,7.386182,598.650771,greengram
28.338977,37.72901,41.281434,32.26771,69.796024,6.554072,374.183426,greengram
56.361144,39.017494,57.882477,29.956575,54.284157,6.916178,505.411674,greengram
40.519223,20.514827,52.393177,33.091338,56.301002,6.931981,596.494255,greengram
42.210496,22.906079,38.998498,31.226415,69.470309,6.364752,361.730887,greengram
25.000932,34.477388,27.075597,31.024522,61.342957,7.402553,421.646255,greengram
45.425925,22.078259,37.122276,27.247753,62.249096,6.033026,560.623572,greengram
57.774913,22.786309,32.191585,32.081922,56.616712,7.492913,475.052981,greengram
26.933699,34.343992,26.507733,31.783478,72.203071,6.046721,560.050888,greengram
59.805186,23.564061,42.67557,26.787852,59.012286,7.254799,596.416515,greengram
56.216624,23.915773,20.518093,28.112906,66.866062,6.747738,474.366769,greengram
40.432845,16.134048,23.835108,29.465819,52.084819,6.022795,561.221775,greengram
22.991172,38.426744,27.009275,30.790356,68.08541,6.607574,353.639947,greengram
43.194625,35.24625,26.669052,28.898925,73.942055,6.380382,358.602843,greengram
39.671471,25.886114,31.354572,31.971946,72.052574,6.720704,519.671084,greengram
29.111906,32.754522,35.96209,34.037712,72.289595,6.793332,458.306971,greengram
58.076487,38.113773,20.042437,32.966607,70.623294,6.973852,532.04158,greengram
40.469742,26.342927,29.285347,30.15485,74.031539,6.268397,418.013866,greengram
53.092161,30.239092,51.045739,30.105737,56.376771,6.504286,582.748013,greengram
45.848459,27.23143,53.886441,29.040854,55.584304,7.380875,354.080412,greengram
39.867248,32.455769,30.768809,32.634713,58.636037,6.390549,556.28239,greengram
43.856043,25.672659,48.212102,33.976722,62.952897,6.279856,421.15601,greengram
46.929411,25.249439,50.120075,33.933723,70.015569,7.016729,562.133187,greengram
25.064566,25.8061,55.374229,27.811204,77.245306,7.154807,395.558752,greengram
54.504203,38.589355,26.657868,29.479206,53.435641,6.833282,405.361325,greengram
22.543864,29.581955,23.764269,26.578131,50.224334,6.610309,353.083477,greengram
24.611136,23.12351,42.539278,32.202216,69.189877,6.20438,507.491751,greengram
37.808632,36.626409,28.604899,33.598793,66.372499,6.487433,580.274117,greengram
43.613909,33.646476,45.937086,25.132699,69.74894,6.912127,589.640664,greengram
32.769826,36.265059,55.258956,33.13844,72.668711,7.114639,434.800807,greengram
56.088828,23.341621,22.12677,32.800247,72.453015,6.503703,350.644626,greengram
56.656412,25.207083,30.617483,31.724083,72.997748,6.319279,562.124553,greengram
44.582481,17.014497,46.59259,26.0629,58.620133,7.386809,418.075403,greengram
42.546095,36.602746,52.617053,30.256135,59.660592,6.929071,367.589717,greengram
27.262971,33.463473,26.348345,33.795279,61.414855,6.636568,469.714937,greengram
39.193827,34.368235,42.01219,27.132882,79.473702,6.093587,583.105911,greengram
57.280961,39.750317,54.277564,33.003772,56.09521,6.276826,530.020805,greengram
35.417552,16.052351,27.129444,29.367385,62.686565,6.504498,590.257701,greengram
45.192387,27.256254,59.229866,33.347795,70.861365,6.588226,449.141867,greengram
27.087826,35.913097,29.573901,29.071583,59.278072,7.426722,373.492832,greengram
31.262576,22.976695,42.678381,29.320168,56.209449,6.96262,403.308809,greengram
32.945135,22.812463,34.33142,32.883374,62.317716,6.088899,356.617151,greengram
26.223748,31.723392,32.711217,26.986652,78.304897,6.993614,501.711043,greengram
83.720054,43.754859,100.4825,27.581415,76.546397,5.560645,1251.257074,tapioca
115.595389,32.102092,111.029209,26.600905,81.366082,6.799984,1241.428032,tapioca
104.263888,59.96195,98.042707,26.693138,76.317593,6.04716,1397.206697,tapioca
101.323883,35.864792,113.235131,25.101911,74.895173,6.907844,1244.89318,tapioca
103.718818,50.601877,52.588997,27.228812,63.285461,5.687363,1147.612562,tapioca
69.413457,52.697502,98.756858,25.433296,73.335533,6.046395,1464.912168,tapioca
67.544243,59.863418,87.121111,27.570086,84.001136,6.91224,1130.553764,tapioca
97.538684,55.446713,59.855877,28.855549,70.550965,6.796143,1409.922649,tapioca
78.085099,32.249686,83.078317,29.374366,81.057781,5.676445,1278.369385,tapioca
87.572589,46.621212,63.141615,25.170101,63.216711,5.874567,1255.452412,tapioca
115.84725,59.792479,96.311987,29.296116,73.785588,6.85569,1127.703028,tapioca
74.400228,52.659667,96.857178,28.214753,74.228075,6.941506,1104.292269,tapioca
61.653646,30.843177,89.332691,27.774016,60.469048,5.764784,1019.58732,tapioca
118.273176,44.436531,81.372169,29.955605,61.452759,5.884474,1157.23409,tapioca
67.837706,41.330219,75.755104,27.33581,72.519016,6.773945,1282.424289,tapioca
109.79794,43.690777,78.695338,28.986284,64.365222,6.505476,1172.190057,tapioca
64.140225,33.402931,67.744026,28.434343,73.841059,6.500806,1372.92028,tapioca
87.983681,47.883779,85.199726,29.720828,81.229918,5.896009,1173.490908,tapioca
83.56307,53.801905,58.631873,28.002977,70.774045,6.42084,1055.341991,tapioca
61.829436,49.834272,94.876897,25.808927,71.304558,5.789126,1467.713612,tapioca
85.345657,39.704367,105.424508,26.805336,75.440074,5.994869,1022.443943,tapioca
88.368038,35.354247,91.89527,27.501701,83.136841,6.569842,1097.511645,tapioca
97.29408,58.563558,105.640161,25.532129,63.875291,5.867793,1022.918974,tapioca
71.044931,30.859814,73.212783,27.90611,78.407193,5.62359,1272.77317,tapioca
63.867493,42.191756,59.584189,29.540504,62.233693,6.701518,1261.099873,tapioca
72.6505,58.991567,99.801951,29.526495,61.483361,6.687925,1350.352833,tapioca
62.497003,39.178484,78.641693,27.581271,68.676469,6.632922,1365.580164,tapioca
107.91876,36.072537,70.936992,25.841112,68.797417,6.102845,1158.319298,tapioca
103.019572,54.467139,53.121227,28.018932,61.685532,5.821821,1259.724878,tapioca
112.538397,55.66005,83.634704,26.506109,60.661725,6.070542,1036.905938,tapioca
77.021521,52.567783,112.09339,28.973543,70.998842,6.361595,1113.699945,tapioca
115.061205,52.403178,68.15513,27.481837,76.163019,5.710078,1463.092614,tapioca
65.307663,36.576535,98.030486,28.322461,79.580366,5.799688,1352.29301,tapioca
117.750364,30.611153,75.446818,25.31597,79.924558,5.762897,1170.492145,tapioca
110.070531,52.336272,102.117958,29.254084,78.198568,5.759054,1370.682713,tapioca
95.64786,49.918302,63.778118,29.925236,70.793419,6.255517,1177.145702,tapioca
75.38421,51.077692,103.224025,26.987127,61.784877,5.587983,1105.580995,tapioca
96.201797,48.771407,66.573215,25.07199,65.317377,6.12766,1255.927953,tapioca
98.844204,58.312373,92.816674,27.869917,67.682544,5.716065,1486.209156,tapioca
111.618533,51.451181,119.479756,29.956355,64.107666,6.627474,1119.468255,tapioca
100.102447,47.127078,86.54561,25.14212,76.407347,6.455098,1178.120581,tapioca
111.439044,44.116911,57.624639,28.314279,75.989431,6.123881,1311.568981,tapioca
101.785234,49.474611,107.059878,25.683668,76.439904,6.276211,1439.091856,tapioca
66.076221,45.614542,111.638807,28.963417,73.498668,6.466205,1272.593019,tapioca
118.193811,31.554295,57.872525,27.011022,68.423707,6.16608,1476.927136,tapioca
60.299233,51.011445,69.816749,26.796187,81.463917,5.747934,1023.971306,tapioca
93.820966,32.256584,69.255443,25.685057,84.05589,6.873501,1130.012863,tapioca
72.745622,55.173615,103.708601,26.960702,75.325585,6.416491,1207.045334,tapioca
87.438697,39.724196,95.115493,28.734807,65.388244,5.941525,1419.861397,tapioca
107.179486,48.004207,65.520744,27.402326,75.548236,5.63204,1215.428809,tapioca
116.217295,35.756695,74.070947,28.238743,62.919014,5.744626,1415.342302,tapioca
114.162849,59.440593,119.150744,29.819506,73.400823,6.426472,1175.325911,tapioca
79.36476,56.037988,77.24038,28.94462,64.295952,6.623905,1047.523058,tapioca
116.876858,30.523421,104.284326,27.2498,67.65229,5.766669,1376.467822,tapioca
110.904117,38.126692,50.423968,29.890843,69.811968,5.765316,1278.567199,tapioca
70.717367,34.239714,99.270926,29.107631,68.721187,6.628327,1289.095749,tapioca
119.036867,45.727734,63.033271,27.497818,60.254716,5.758375,1395.574904,tapioca
102.892947,38.664364,80.77277,26.701934,62.794706,5.869756,1047.479048,tapioca
88.559294,39.654007,57.357827,28.064297,84.102583,6.977733,1499.816872,tapioca
99.973657,53.157824,79.247642,28.892799,79.940665,6.87005,1224.288226,tapioca
110.360972,40.08744,56.949871,27.252091,63.694236,6.850131,1251.882679,tapioca
101.972533,45.732499,87.056191,27.430238,64.110202,6.581545,1328.158665,tapioca
68.582543,56.836246,68.128306,29.709894,74.147588,5.689932,1485.748208,tapioca
90.974599,34.441214,118.81585,29.627975,73.547166,6.370229,1316.344103,tapioca
60.32809,36.463632,55.886902,25.183539,71.485645,6.689352,1438.701172,tapioca
77.993947,56.555695,68.528354,29.382912,62.798623,5.707175,1041.061794,tapioca
117.344091,46.8129,72.823111,27.215343,62.119489,6.010948,1037.30004,tapioca
67.051141,44.982614,109.243694,25.343825,64.14339,5.787554,1090.298111,tapioca
104.476536,56.906348,67.244275,25.809958,73.7652,5.59206,1240.295939,tapioca
95.195405,51.810454,92.242463,28.395076,67.79494,6.883631,1425.952108,tapioca
66.181906,49.409077,74.625526,28.475427,64.617337,5.964322,1160.243996,tapioca
65.239396,38.273147,74.841565,27.776898,65.820712,6.966703,1225.759289,tapioca
78.946141,55.30543,79.856629,25.214447,83.83158,5.505144,1253.330235,tapioca
75.192838,52.571068,81.680898,27.833731,61.110761,6.461472,1351.476781,tapioca
85.299807,40.304463,56.768405,27.241638,81.80319,6.269759,1469.645895,tapioca
70.631321,37.461166,63.134372,25.548034,77.923467,5.522653,1317.714416,tapioca
76.778879,52.817833,101.72114,28.935666,62.239799,5.896215,1262.84187,tapioca
109.869268,48.016876,83.712539,29.038967,75.766374,6.703102,1269.97107,tapioca
88.870974,45.168438,69.572134,26.841508,84.353977,6.133053,1108.751413,tapioca
63.871526,49.553682,55.502087,26.266653,79.844596,6.168302,1017.754414,tapioca
99.541715,54.516111,87.91624,28.621361,80.48737,6.545119,1430.644694,tapioca
94.415725,30.791282,101.385585,26.097871,83.892423,6.632162,1484.799224,tapioca
107.291898,42.613956,80.389073,26.437492,82.682319,6.625251,1129.371902,tapioca
118.791702,37.103715,83.0824,28.563591,70.448233,6.938422,1049.139311,tapioca
79.684086,41.724341,60.927843,29.607497,68.626171,5.849945,1478.088476,tapioca
89.668635,42.39696,92.96918,26.635347,65.864745,5.921367,1123.991871,tapioca
87.709009,40.03179,78.319025,26.630682,82.863053,6.472493,1260.726986,tapioca
100.946332,36.758722,99.227942,29.699392,66.054216,6.38807,1423.132185,tapioca
81.336971,34.71122,106.551312,25.42608,76.982497,6.562021,1245.509475,tapioca
77.61897,41.168527,63.981435,28.722879,66.261,5.738409,1377.971853,tapioca
85.666566,46.518006,95.04469,28.613996,82.410715,6.297855,1361.530272,tapioca
79.626835,38.743157,73.121209,29.260114,78.330113,5.697554,1379.422179,tapioca
63.362311,30.622625,63.635111,29.787743,70.740445,6.793323,1224.025252,tapioca
73.5853,48.997319,68.531495,27.80838,63.194123,6.718477,1467.12465,tapioca
71.998791,37.233749,71.500691,27.308241,72.859506,5.917607,1407.627191,tapioca
77.443955,33.692287,63.436905,26.293313,77.01155,5.605198,1450.166888,tapioca
86.428557,40.657003,69.937767,26.546642,78.32357,6.716476,1209.058672,tapioca
93.852087,46.773491,104.290113,25.247591,81.125758,5.938756,1021.046895,tapioca
107.909459,38.041069,70.247823,26.358397,67.524339,6.584648,1108.204994,tapioca
71.705062,53.177374,102.295539,28.859223,70.99306,6.203121,1240.35413,tapioca
111.844471,34.20587,66.039589,22.022854,88.485595,7.34044,1329.491728,turmeric
105.667049,54.110224,76.592058,24.479338,80.016324,5.073994,1749.983051,turmeric
102.328736,47.400887,62.166833,24.962682,83.791124,5.971989,1106.360562,turmeric
106.626543,39.981108,73.327554,23.749029,84.305271,6.293981,1256.608195,turmeric
74.794608,52.099543,75.950837,23.790951,77.100129,6.997557,1642.307504,turmeric
77.741215,47.990447,40.162375,24.918606,70.508509,6.748923,1455.110514,turmeric
80.364687,38.564794,60.979645,21.202237,72.169321,7.458975,1048.186966,turmeric
60.02393,32.743329,72.688396,20.364478,76.319729,6.212962,1582.17369,turmeric
84.216953,50.274631,53.193837,23.50376,87.788481,6.454334,1233.033411,turmeric
77.560402,38.364294,75.498264,28.317061,84.464738,5.565662,1855.308967,turmeric
72.471929,51.358731,69.801747,23.089404,80.306728,5.400173,1924.014955,turmeric
115.480581,39.822777,66.55656,21.913776,72.383612,5.632719,1448.400817,turmeric
107.479911,58.308654,80.97612,26.738125,73.990439,6.203837,1639.037523,turmeric
101.447437,48.611724,59.056748,26.716362,81.777718,5.354394,1127.423984,turmeric
76.908242,31.172798,60.998602,24.625863,81.853772,5.953135,1978.675825,turmeric
114.854262,59.101428,44.601868,22.620423,80.882231,6.065682,1048.471066,turmeric
64.920033,47.367055,99.08257,25.074699,89.181202,6.759358,1617.765316,turmeric
101.269096,33.70179,88.204376,29.171302,80.936584,6.376774,1645.918134,turmeric
104.678117,31.582313,80.938547,25.159339,74.881508,5.15807,1076.045098,turmeric
61.754502,41.779777,51.272091,23.903587,78.89209,5.474317,1458.763758,turmeric
100.029666,59.991604,65.809302,22.977389,73.751136,5.482303,1473.632208,turmeric
99.007194,32.612946,42.517403,27.748773,80.533499,6.228249,1041.290141,turmeric
73.270417,40.301121,85.460284,20.296105,76.044529,6.800124,1832.713257,turmeric
61.636447,57.996192,40.855067,25.854068,86.629064,6.315731,1284.837856,turmeric
85.88034,44.243463,84.733777,21.030896,88.847598,5.872862,1223.816214,turmeric
65.259777,38.021191,73.065468,26.883149,73.626182,6.135667,1001.16835,turmeric
82.700062,56.597383,52.477124,20.621627,76.641286,6.204987,1215.614129,turmeric
116.191764,38.998167,69.486515,21.009858,83.806886,6.680628,1695.602974,turmeric
96.882131,30.571325,68.65239,27.389008,84.774969,6.075223,1134.436267,turmeric
81.787881,48.691236,91.655832,26.165551,89.786907,6.844129,1020.833431,turmeric
105.872558,54.111235,67.270926,21.529126,80.858604,5.296325,1051.60237,turmeric
110.54516,33.922599,69.322615,22.090938,81.356993,6.226047,1771.487573,turmeric
63.820459,59.603512,74.767596,28.177448,71.113683,6.428216,1092.328134,turmeric
99.91491,43.333593,92.582524,26.621284,81.087484,6.674677,1719.904292,turmeric
112.241214,39.335636,56.451564,21.549434,72.345934,6.44967,1319.144069,turmeric
111.926855,30.005753,58.471579,22.203597,80.523204,6.648065,1280.134557,turmeric
69.062608,56.036766,72.688994,22.479537,75.206935,6.074503,1926.533269,turmeric
85.818006,49.364421,60.52962,23.511659,73.888855,5.004536,1648.102036,turmeric
110.611947,43.154754,71.080139,24.621775,72.991679,5.746057,1512.7892,turmeric
62.266355,30.024922,63.777613,27.306533,80.338656,5.634395,1002.742519,turmeric
88.872105,46.714981,51.840685,28.217814,78.463157,5.134775,1512.684928,turmeric
101.749981,50.640576,61.710067,24.689257,85.398473,5.565796,1992.017803,turmeric
101.360271,48.194434,46.881511,28.232594,77.389028,5.867139,1366.327646,turmeric
108.727855,44.608419,50.555354,23.641571,82.144552,5.831857,1127.049349,turmeric
80.221406,45.827827,45.534975,25.894766,84.609671,5.812432,1124.709701,turmeric
96.859294,52.306656,88.330387,23.056041,80.252167,5.294863,1944.947242,turmeric
85.490108,51.512705,69.047956,25.035779,84.427637,6.704386,1373.734193,turmeric
102.925771,32.81001,96.804659,29.889267,72.352341,5.761344,1423.778278,turmeric
85.501865,42.320384,65.914592,27.217602,80.300132,6.682791,1444.853632,turmeric
82.112033,51.741114,47.045228,21.520222,85.400049,6.181413,1714.636867,turmeric
91.054266,58.263617,73.930025,23.144689,76.731259,5.320424,1976.093898,turmeric
112.678801,35.72983,71.92986,20.189971,79.194181,7.449693,1131.102382,turmeric
84.064211,53.223835,61.739327,26.605491,87.7524,7.197485,1380.357407,turmeric
88.605918,36.547084,93.675859,25.838257,89.119022,6.141979,1538.67311,turmeric
68.016994,47.302563,75.627432,20.75306,71.065046,6.942855,1081.412598,turmeric
60.273233,31.239114,71.412206,22.097063,88.008377,5.120194,1458.249916,turmeric
111.387508,40.959448,93.965429,26.680527,84.158892,5.12685,1684.562687,turmeric
103.964795,35.428989,82.709695,23.310731,84.468856,5.752513,1560.487666,turmeric
103.906608,35.983442,85.454685,28.389899,88.062196,5.962052,1486.516515,turmeric
117.658911,40.934512,79.467028,27.250181,76.943519,5.979588,1664.923167,turmeric
60.936652,40.747511,89.292814,22.488295,78.320772,7.286191,1189.132357,turmeric
112.144093,56.797213,91.703875,25.258622,80.799838,6.891541,1809.207842,turmeric
88.911723,40.261913,44.888528,23.043141,85.320097,7.247988,1913.232426,turmeric
80.850161,37.73848,50.507206,27.443545,88.444431,5.763313,1660.787377,turmeric
111.331431,51.053205,56.518258,20.489304,74.493567,5.085445,1074.44392,turmeric
72.21436,35.782023,86.847417,25.685697,75.887352,5.521305,1312.70851,turmeric
107.425213,54.491081,73.379954,24.492616,74.952521,6.484192,1861.863145,turmeric
64.614468,34.986453,72.763578,22.403243,82.574776,5.998758,1046.32727,turmeric
79.700571,53.150348,58.886529,28.387015,73.551298,6.744661,1323.350337,turmeric
64.182917,45.366837,64.898873,25.536805,73.627159,6.132661,1309.736253,turmeric
110.039696,51.969456,84.848076,24.142582,73.091327,6.247973,1688.5925,turmeric
78.401015,52.83555,62.024365,23.149488,88.603345,5.166442,1572.65856,turmeric
83.445405,48.357391,65.082619,23.074436,78.194845,6.48523,1352.308722,turmeric
100.842786,32.508925,72.134489,28.232411,89.010689,6.342529,1621.545357,turmeric
113.26502,32.344737,86.792284,29.940166,79.788267,6.957194,1985.355652,turmeric
74.77879,35.220007,99.999781,29.110984,72.946082,7.183087,1090.779045,turmeric
118.569369,38.747307,86.652983,23.680796,81.627443,6.330888,1591.291988,turmeric
64.867164,43.355113,52.975603,23.556087,82.481865,7.19824,1086.100115,turmeric
86.673287,59.770612,69.36882,25.934725,87.880288,6.470516,1348.020638,turmeric
67.992051,58.633349,56.847397,27.538343,84.444736,6.898323,1915.013949,turmeric
112.563153,38.599244,76.969516,24.148364,82.616817,6.298596,1854.518095,turmeric
92.775107,41.583146,46.608679,29.417442,78.160417,5.216591,1798.204466,turmeric
81.825025,46.515228,58.329133,27.370295,78.706105,6.521908,1830.335638,turmeric
65.4364,36.057094,90.103884,20.08446,88.189351,5.890263,1296.001444,turmeric
116.719454,38.387741,50.942965,22.478532,77.629778,7.160538,1933.423993,turmeric
118.619678,45.362634,60.199353,23.575647,75.389469,7.332088,1298.96388,turmeric
99.210094,47.990097,66.329999,23.419265,87.431644,6.055244,1943.189285,turmeric
63.264568,57.965067,80.106603,20.17101,83.003432,6.451467,1333.401974,turmeric
98.00749,38.248815,63.480745,20.049713,88.125418,5.949864,1901.194042,turmeric
103.018505,35.165205,89.199039,24.803451,74.415421,5.030984,1697.472519,turmeric
115.517376,32.890243,40.156729,21.331015,88.49279,5.341317,1890.643472,turmeric
95.712794,36.099124,66.330793,22.043559,88.643193,6.772009,1140.654481,turmeric
69.974314,48.639694,67.683504,20.729912,82.021153,7.192846,1738.151399,turmeric
78.652573,54.88106,54.522622,25.940165,89.151389,6.242341,1313.001096,turmeric
89.437269,54.060592,43.565252,28.817151,81.183244,6.48637,1973.671,turmeric
97.417772,46.906167,73.385455,22.887005,80.520947,5.056608,1781.187547,turmeric
92.754528,39.698139,53.274658,25.984821,88.25242,7.386036,1721.551403,turmeric
90.63358,44.638933,67.362305,26.748535,82.26179,6.54129,1020.016633,turmeric
64.253631,31.11153,57.653528,23.897483,80.402637,6.754763,1589.616052,turmeric
114.205655,30.559947,50.51429,25.164727,70.91907,7.024866,1941.188179,turmeric
113.576466,51.992235,51.001751,25.533021,63.378601,6.995372,727.260839,onion
62.405311,51.804756,76.456085,25.518599,55.027506,7.08953,538.652767,onion
74.844464,42.443991,42.711563,15.570459,57.864547,7.065238,562.195848,onion
93.048841,56.715561,43.721017,15.853678,58.740389,6.316177,661.086901,onion
110.138757,59.838944,67.678573,26.117796,62.238511,6.179326,541.390692,onion
107.493481,52.288538,86.599233,19.900141,61.804984,7.259332,679.378902,onion
81.490257,55.431241,43.652064,19.330866,67.327126,7.066692,727.917821,onion
61.639909,43.540473,69.871337,26.111935,66.585229,6.248367,504.310895,onion
92.425058,47.080666,80.100894,24.104601,72.131779,6.158538,699.860266,onion
118.75145,39.839617,90.090595,25.59359,61.079198,6.505918,749.541891,onion
108.518995,59.053961,92.231211,26.602244,69.297404,6.137149,694.443133,onion
81.254106,54.064617,55.452847,20.457116,73.734795,6.463373,554.211208,onion
60.924732,31.946865,68.85472,18.584372,63.409635,6.892543,701.72891,onion
76.266174,54.28691,41.679047,29.5533,61.836082,6.242491,595.103863,onion
63.680736,42.964866,79.369417,23.971356,56.288407,6.172073,728.649231,onion
104.531053,46.216279,55.373055,26.452689,61.750374,7.355403,623.601546,onion
77.150271,31.115059,61.076898,16.903183,60.317198,6.454146,631.174494,onion
97.552197,34.209831,75.725164,19.648639,66.1337,6.754044,680.668309,onion
78.389409,57.404191,51.572652,24.013182,64.706985,6.12381,699.216703,onion
65.805657,50.31596,49.621039,19.588174,63.850924,6.074582,603.331682,onion
80.334865,47.135821,91.10774,23.179373,71.716998,6.140334,596.874651,onion
111.580108,47.772835,75.465633,21.534326,65.191956,6.15306,686.225316,onion
67.52958,58.404016,55.994871,22.421531,66.059678,6.566642,670.157379,onion
89.920294,46.352217,95.734376,17.750548,59.19068,7.195491,625.156821,onion
71.904547,54.629341,42.646666,16.487951,66.671113,7.356217,560.61866,onion
106.356853,50.090499,98.797815,23.852512,57.202107,7.172084,572.483162,onion
78.648485,49.843985,47.692375,28.66444,56.653277,6.827834,644.781347,onion
113.967921,31.130275,97.406386,23.351337,72.231217,7.153016,581.027024,onion
79.594774,55.960675,54.005248,21.555415,61.699133,7.121104,623.81449,onion
92.676531,55.630699,65.578834,27.636623,56.163803,7.184562,618.357756,onion
76.508524,34.894996,81.435662,22.604823,56.153429,6.461986,510.37073,onion
80.546446,44.572103,78.517177,24.070428,65.520921,6.376254,571.589152,onion
117.799367,49.333068,42.99889,23.485452,57.002615,6.247051,568.43325,onion
61.944599,53.034016,99.237783,26.33524,71.84151,6.186819,511.430049,onion
104.272457,48.55288,71.966259,18.728385,71.745693,6.484708,730.217924,onion
69.430848,54.686919,94.91379,17.990933,61.127106,7.385786,521.557654,onion
72.013839,43.708724,85.782737,20.264658,59.369788,6.024424,726.623569,onion
92.682789,47.987442,63.407866,20.627623,70.445964,6.257729,744.616436,onion
110.432605,37.760877,44.52037,15.882636,64.498847,6.072139,586.043315,onion
70.214203,37.985768,72.519176,23.935464,58.00659,7.134988,524.973753,onion
68.650277,36.654687,99.436224,15.021555,66.89789,7.263012,527.320189,onion
94.202688,31.093066,66.790766,26.041704,71.034595,7.172274,591.431592,onion
109.154941,32.299454,72.511895,17.867777,70.799182,6.824336,545.098224,onion
98.87643,30.113643,63.692402,19.521108,68.115873,6.553601,605.775365,onion
82.50784,48.973709,52.311628,25.101004,59.501582,7.236462,544.925207,onion
88.554615,38.711484,94.741259,19.489364,66.709684,6.501369,569.679739,onion
85.53866,44.992399,78.750295,16.485835,66.134927,7.155811,554.88464,onion
105.700101,55.706733,51.763934,18.927828,65.405006,6.058667,741.989689,onion
90.604125,47.773612,92.650798,20.835658,65.87771,7.166837,727.243489,onion
109.607596,38.600385,46.815667,18.662363,57.844609,6.555156,627.286118,onion
102.877204,30.772143,73.981672,28.663814,55.516723,6.634295,542.789551,onion
104.498032,33.205457,77.741558,26.375178,60.82166,6.19397,705.459613,onion
75.861704,53.207967,84.258307,19.479505,71.216826,6.795239,566.985632,onion
80.056461,37.483672,44.5506,28.964483,66.400565,6.978677,660.77699,onion
114.307514,33.191373,52.97502,24.453437,74.536764,6.558496,517.91718,onion
93.034388,57.889947,58.816588,19.159135,66.079221,6.083952,543.407616,onion
112.513374,52.073858,92.798265,24.103639,65.575748,7.422469,638.723594,onion
87.703873,33.339353,72.956555,22.318141,65.06694,7.452345,724.683019,onion
112.913901,44.654092,47.506719,26.831748,68.016214,6.640978,701.821745,onion
93.723953,51.759511,82.762773,22.2035,61.762762,6.637876,580.423309,onion
66.681356,49.438318,87.73379,16.435592,57.083692,6.556992,721.999608,onion
100.812044,36.258495,49.610651,19.77455,73.710907,6.33315,511.227664,onion
104.211789,44.507962,97.227299,20.184836,73.158369,6.418014,508.512199,onion
93.458142,59.484118,98.212625,15.86726,69.841006,6.751449,572.3274,onion
112.894647,41.677359,92.028802,21.618314,66.885802,6.985723,592.524389,onion
110.554117,57.394562,73.997499,21.272805,59.344927,6.597988,546.198564,onion
96.177913,46.064202,96.258524,16.227203,64.248053,6.752853,639.681806,onion
97.770339,56.763909,64.692034,18.467816,70.437958,6.936558,626.450189,onion
60.646753,35.416942,85.200625,16.052964,73.460415,6.66986,596.789884,onion
88.207702,34.929897,93.091549,15.956116,70.369715,7.393744,632.905122,onion
95.58087,56.231103,50.711267,26.901456,55.428874,6.826961,624.642578,onion
83.382364,45.36874,57.180455,15.85233,64.949387,7.480737,677.911191,onion
61.375603,46.898711,83.165299,26.314861,55.845307,6.395674,682.065752,onion
63.814708,49.889317,71.436743,22.161777,71.482708,7.141179,520.91684,onion
98.327225,30.931939,92.047172,21.376402,71.194255,6.959418,668.333976,onion
101.398808,51.642573,46.275243,22.165875,71.864865,7.214724,545.346488,onion
102.486517,48.759388,69.174879,21.702905,66.483398,7.156252,525.573263,onion
85.495755,56.193641,80.433029,22.343911,60.361396,7.302164,510.370129,onion
81.322422,59.03682,55.135219,28.252544,73.528892,6.447172,641.480453,onion
83.085406,37.312139,64.183701,25.875771,73.092059,6.418368,585.958404,onion
79.354369,46.291086,92.696616,26.326801,66.691374,6.596154,549.04918,onion
84.154604,31.85646,49.122825,20.92831,74.93646,6.49346,622.218488,onion
108.942163,33.456133,41.201456,26.339954,64.023387,6.02407,641.512824,onion
112.285811,54.431607,78.223477,16.183022,65.863106,6.899188,539.437327,onion
115.89329,52.711815,48.827632,17.4904,55.339228,6.894694,739.701203,onion
100.889089,52.11097,83.720687,19.195924,58.716312,6.68843,641.632076,onion
90.254383,57.588745,45.721873,26.696081,67.705657,6.265486,622.000549,onion
100.793259,59.510032,80.265478,15.851299,70.144393,7.060121,600.599672,onion
84.526547,41.237084,80.2954,25.36299,62.917222,7.16646,598.153829,onion
110.068784,58.33299,41.610319,17.661734,65.903833,7.150064,723.554113,onion
62.371754,58.529637,97.177802,28.864828,68.357946,7.32886,512.468367,onion
86.441068,57.848371,54.488135,24.373049,71.495506,6.550336,532.486981,onion
106.814212,46.752754,80.418768,25.102799,55.19701,6.890886,511.840527,onion
100.288534,59.871885,98.655427,26.238799,58.581324,6.109653,513.553094,onion
86.857802,45.675481,43.694679,24.117394,70.835894,7.124923,562.396777,onion
65.837685,54.97917,67.311647,24.943687,67.914546,6.13327,701.995248,onion
107.081824,43.373776,78.724598,27.622077,63.04149,7.295727,575.826122,onion
88.819467,58.867329,95.09161,18.791227,57.4084,6.940439,577.687231,onion
108.443408,55.8026,47.814849,18.831008,68.969664,6.771523,542.286507,onion
115.989566,51.47312,97.443346,18.689921,73.475837,6.376459,571.191208,onion
129.178658,53.308171,101.130894,25.689584,67.866764,6.416923,1054.309553,tomato
86.309371,64.899103,111.593558,22.21909,69.600301,6.011714,1078.381172,tomato
136.037957,56.972019,99.727791,23.055683,74.753759,7.461695,1123.986209,tomato
115.874322,50.341345,103.03603,23.797915,63.270049,7.331662,730.146548,tomato
97.330314,58.307583,117.945064,22.532321,72.494935,6.159131,1127.829901,tomato
124.890369,51.045902,117.081498,27.299253,78.166344,7.407388,671.33288,tomato
103.967853,45.107306,110.489359,22.228516,69.371756,6.617469,1147.598434,tomato
138.467547,41.341868,78.210921,24.296265,77.35728,6.264202,790.056553,tomato
134.232164,63.842852,93.739613,25.56536,62.313799,7.403689,652.488373,tomato
79.30893,65.017913,105.345452,20.117481,77.456227,7.124067,997.187016,tomato
100.692273,38.75858,57.619065,28.819133,70.715843,7.010935,1064.025194,tomato
70.250202,36.71514,88.413275,20.855834,78.281089,6.237629,931.103057,tomato
115.977454,64.740309,115.697259,18.810696,78.979644,6.943755,894.385596,tomato
113.632259,69.777456,112.508533,29.755034,76.26319,6.060156,770.766183,tomato
127.224039,30.823869,94.285214,22.404202,77.592836,6.121867,745.863758,tomato
81.189937,58.756977,113.796611,28.26381,64.711616,7.1835,1057.066551,tomato
107.767667,48.297288,99.113092,18.619609,73.814458,6.832044,912.882062,tomato
104.673302,43.395809,82.14922,25.963316,63.538057,7.091445,1080.863776,tomato
72.900557,65.864318,54.075557,20.875408,62.77802,6.045927,657.462206,tomato
75.409,40.226847,84.528881,26.622264,79.02957,6.394644,631.255414,tomato
110.841684,32.879139,82.590248,26.999183,69.45265,6.262553,650.842093,tomato
79.818553,36.113418,97.387431,18.815219,67.395867,6.194514,875.028564,tomato
101.738713,34.076611,59.590057,26.938817,74.326003,7.03006,961.316267,tomato
74.18659,41.550739,117.329382,18.804166,69.278926,6.389157,1060.450759,tomato
139.481385,55.851694,116.055095,20.57331,65.886389,7.178374,846.359739,tomato
133.87345,57.404017,119.549013,22.868794,69.667078,6.840796,670.529037,tomato
80.282976,66.696966,76.007641,24.018893,68.304593,6.641967,1015.196191,tomato
87.338284,34.662596,95.8075,26.509231,62.310136,7.41995,828.857404,tomato
94.235995,36.658769,78.585659,28.909905,76.919876,6.944821,994.874647,tomato
90.766968,41.542952,57.735335,25.643483,78.386682,7.150123,1035.858083,tomato
76.369945,49.818816,56.371565,19.802862,66.713518,6.602072,685.494441,tomato
105.491744,63.297366,71.042184,27.420111,62.81024,6.577983,918.194842,tomato
133.263136,43.397904,82.570841,29.860681,63.666067,6.432669,1020.444608,tomato
92.466258,39.597183,51.914541,21.629078,79.298383,7.225595,602.062496,tomato
119.831112,69.033402,63.945247,18.880941,67.912798,6.380747,864.373094,tomato
122.8215,39.001887,73.240535,23.174157,67.344599,6.182591,1056.059831,tomato
73.216739,59.704911,95.699197,21.431903,64.4099,6.51528,1187.106917,tomato
132.798288,37.969716,74.017656,18.783475,68.952622,7.210192,1057.007074,tomato
115.683485,48.005854,95.295425,28.531417,76.085801,7.289099,1012.616764,tomato
78.849086,52.444306,84.31945,22.620842,76.840657,6.355914,769.692762,tomato
117.047133,58.414876,116.619919,20.085575,74.554062,7.276024,906.738419,tomato
95.141888,51.288327,75.197014,28.443839,68.762024,7.349961,723.335609,tomato
76.536572,49.124476,114.531709,26.306898,68.640828,7.133819,1001.885636,tomato
138.609928,47.553974,80.819219,25.073766,79.870038,6.428314,743.638436,tomato
72.24771,44.192653,104.584198,19.38776,66.655942,7.256701,749.844127,tomato
110.747565,53.199725,97.401708,26.071075,79.488143,6.559897,763.094924,tomato
98.501581,38.688725,83.50163,18.322201,79.781336,6.179895,629.274145,tomato
92.659235,57.879526,88.297815,22.56265,74.563053,6.711113,1052.663261,tomato
100.553626,67.22262,105.252491,29.913655,72.172403,6.632555,843.962719,tomato
95.690851,57.704867,77.471909,24.908142,61.858542,7.448121,662.390487,tomato
121.689547,58.269709,78.19153,24.207875,75.388478,6.75408,1007.854797,tomato
138.202748,69.84831,94.371454,20.849787,63.767416,7.223395,777.807986,tomato
135.138738,30.989395,107.009073,25.289104,77.845278,7.258375,902.217852,tomato
83.210117,31.862272,100.964092,21.90223,70.221667,6.660355,970.581727,tomato
75.66754,68.394192,119.871923,19.735468,68.854546,6.558639,619.842594,tomato
71.729687,55.44834,61.058642,21.245542,78.85328,7.264658,1172.819282,tomato
90.116915,44.945202,72.037837,23.624517,71.978733,6.231237,1046.042708,tomato
83.779013,41.235459,116.685667,28.750476,68.038487,6.760787,938.996991,tomato
85.668687,38.854543,51.417335,27.696917,62.079003,7.364004,890.313316,tomato
112.228664,41.407263,54.300647,18.182201,70.718517,6.190724,712.139105,tomato
130.49736,36.760941,108.196291,29.935516,63.245462,7.164358,988.691242,tomato
101.966213,40.439147,108.28883,22.165851,65.927318,6.115677,896.625324,tomato
131.802688,51.079831,82.880054,20.371172,61.027473,6.052407,934.430786,tomato
96.927879,55.482585,104.167207,22.009136,61.851019,7.344533,970.723898,tomato
96.965514,39.297411,79.533172,24.980505,74.301561,6.89767,1176.287483,tomato
114.601484,67.502178,71.932206,27.346005,63.76354,6.266513,1044.497861,tomato
105.978178,59.925847,75.799454,26.018615,62.530812,6.782518,681.51103,tomato
74.20622,50.788785,111.881231,23.153226,60.047334,6.122638,1181.511238,tomato
88.832936,45.788567,70.841157,22.875956,74.041736,6.18752,850.482407,tomato
131.499835,67.135076,89.986761,22.627006,71.646283,6.793117,716.237713,tomato
113.405701,64.812123,86.355514,21.89239,68.754448,6.21018,753.645302,tomato
132.324442,31.363633,101.488729,23.418095,64.692594,7.331068,1161.608434,tomato
103.342193,65.775442,93.077637,27.400676,60.536212,6.254318,773.542184,tomato
85.501914,55.748496,68.495691,27.083217,64.761845,6.772843,1055.248259,tomato
103.763173,61.876619,51.120964,25.253976,66.749453,7.108075,730.06993,tomato
101.962126,69.314024,69.830948,25.227967,62.003812,6.813217,1034.569687,tomato
73.067003,41.047858,119.425721,21.641641,66.458341,6.733281,875.302624,tomato
118.362866,57.542547,110.877339,21.522277,73.751625,7.205326,723.27197,tomato
130.62974,67.19261,67.599207,26.836217,63.788698,6.974399,965.371187,tomato
100.717955,59.094244,76.824833,19.121181,77.171172,7.484547,823.349332,tomato
126.306383,38.070598,76.072281,27.446605,72.813739,7.207093,640.647543,tomato
119.813515,50.30236,71.049384,25.59806,69.769743,7.165173,1084.269617,tomato
118.201185,64.926274,69.396266,19.607596,62.832242,6.334592,889.068224,tomato
100.487345,67.949201,98.004046,25.597692,66.150487,6.216679,1097.096312,tomato
92.907546,65.192457,68.950599,21.090186,61.952623,6.477391,1133.997978,tomato
74.225996,48.55004,57.262374,27.435215,74.599715,7.382867,1137.131143,tomato
96.294971,35.759757,58.263428,21.928778,73.791156,6.463785,881.735161,tomato
95.463793,60.595919,68.339122,27.775489,63.575156,6.66639,936.068461,tomato
113.915384,58.452501,50.025684,28.711778,74.739792,6.055536,676.86595,tomato
106.776968,57.870961,95.206694,26.652234,75.569841,6.25447,603.185061,tomato
136.72412,36.042102,59.087779,25.329408,76.774238,6.75214,1025.013664,tomato
138.287083,43.580053,95.158484,22.52349,72.270309,6.294022,645.330115,tomato
136.519192,31.267283,50.492092,25.262327,76.534107,6.577931,1048.164689,tomato
109.560443,52.138356,84.847791,23.802633,68.017123,6.556269,709.88433,tomato
121.424552,46.069536,55.501214,20.090591,63.459085,7.110671,657.81979,tomato
73.784666,59.720329,69.097918,18.42936,60.35314,7.177475,1004.005911,tomato
126.514882,56.385873,115.93284,29.406775,62.436453,6.944388,717.445624,tomato
134.060775,37.988931,110.058881,20.306158,68.495005,6.478034,1144.624097,tomato
74.02871,58.431176,67.222117,24.167428,61.49197,6.78247,806.958314,tomato
112.344082,56.142811,105.745967,18.631427,76.716073,7.003883,981.617391,tomato
116.118608,57.532198,87.953132,26.675402,63.835622,7.183679,862.29985,chilli
99.724792,33.118732,55.449179,26.537047,54.070966,7.003226,750.8749,chilli
86.831766,41.221665,52.908118,22.279842,60.362484,7.382776,612.379747,chilli
90.849631,50.631395,50.723447,18.785104,66.91303,6.334327,785.370089,chilli
79.904519,37.998206,92.436355,28.616425,54.440874,6.151388,753.149097,chilli
106.995181,52.25047,50.811854,21.03015,53.883889,7.093149,776.345256,chilli
88.027364,31.757567,78.109388,29.441247,67.38741,7.31419,1011.909002,chilli
93.91329,58.101368,77.569126,28.462024,56.070866,7.335864,1183.583091,chilli
85.87754,55.07155,50.555656,23.816533,72.617812,6.53855,800.957387,chilli
115.744861,56.522186,87.631628,22.391509,57.466118,6.876406,660.227174,chilli
101.463463,48.914546,97.846503,25.545015,64.265947,6.896287,742.61484,chilli
118.295181,42.012958,65.57224,20.637687,57.619259,6.60059,1123.139082,chilli
75.048865,55.819964,90.963495,22.760565,51.216189,7.200301,1128.900755,chilli
84.553675,47.343686,88.509172,21.651799,55.905528,6.444541,1044.222096,chilli
102.742145,53.755843,96.188704,22.127335,50.74622,7.300936,762.152757,chilli
103.039111,59.926243,83.944305,20.976304,53.941011,7.276847,1088.884718,chilli
79.173535,35.651389,75.365978,25.419499,66.509438,6.219394,1026.505182,chilli
81.817201,34.923616,83.225598,23.152675,61.457271,6.005389,1054.242938,chilli
66.264491,39.463088,82.858761,29.159186,74.04648,6.282479,1026.166139,chilli
72.863836,56.570209,92.628804,27.405303,59.687593,7.152809,1046.320381,chilli
116.068762,34.529267,54.572781,23.297046,68.520676,7.222169,605.08671,chilli
99.370787,52.405293,71.791777,26.348753,56.940814,6.88822,968.40061,chilli
75.152479,47.783579,52.921137,26.530364,62.704621,6.360064,814.97236,chilli
61.373026,45.22617,92.208139,27.755959,50.801604,7.073439,962.006324,chilli
91.304677,53.258828,66.669254,18.662944,68.007716,7.374194,773.627809,chilli
70.148325,33.030773,75.8417,20.076648,72.161951,6.80593,1025.136408,chilli
107.199294,40.390798,55.487793,29.040713,69.263134,7.014366,993.88449,chilli
109.59532,45.052401,52.887366,26.95135,68.839093,7.118637,826.332969,chilli
106.562193,32.880745,69.202213,28.613103,68.515027,6.608984,1114.250168,chilli
85.132734,32.076964,85.644149,29.673614,64.844102,7.368088,984.035386,chilli
99.453365,34.594844,62.742569,20.983331,66.743962,6.732956,957.292078,chilli
72.794658,33.715697,92.845902,28.291681,67.84413,6.31407,627.953471,chilli
98.639161,44.996911,59.627766,27.690174,64.469357,6.108968,1105.841853,chilli
79.306533,45.459919,80.364358,23.140075,74.765896,6.208149,1164.389712,chilli
117.704077,58.217252,53.858557,20.469367,63.9948,6.200925,733.060886,chilli
109.434616,39.982153,64.148751,27.920965,58.457356,6.013845,686.404531,chilli
113.950837,42.563272,98.87888,29.522085,59.674573,6.300655,820.731263,chilli
101.674962,36.523301,53.315444,19.326901,55.991004,6.219193,610.76665,chilli
116.959322,59.249575,76.404451,24.341287,74.762351,6.004968,1079.353461,chilli
113.333035,43.85809,93.462506,22.853469,53.571438,6.326587,974.326789,chilli
98.670805,36.001973,59.090532,27.834037,70.556591,6.369676,952.839026,chilli
108.379511,34.513346,60.468875,23.668069,59.683726,6.382481,734.247217,chilli
98.370506,47.825054,91.383442,24.563082,64.506298,6.228831,832.704291,chilli
106.014282,38.828568,53.642691,21.974654,52.748926,7.067073,669.698217,chilli
62.751052,58.003342,62.757306,27.640665,70.01712,6.40241,868.22463,chilli
101.36496,47.608424,74.240484,27.430435,64.511781,7.372158,770.693034,chilli
73.499653,40.883915,82.11916,19.333371,60.935376,6.82581,657.992063,chilli
106.12133,58.188056,66.979801,20.86805,59.833346,7.209729,772.426255,chilli
78.942146,40.508975,99.696194,25.736335,73.441639,6.614282,756.643775,chilli
119.194402,30.231966,64.652125,22.256421,53.112438,6.245303,681.823819,chilli
95.82373,50.837535,77.565444,24.533161,61.682078,6.6833,974.665698,chilli
99.834152,35.181977,67.337047,20.593076,53.494022,6.40626,743.502098,chilli
98.459799,54.272635,67.82532,21.454959,59.092488,6.358426,1164.941628,chilli
118.593825,50.041417,75.7382,20.338004,71.937678,6.114526,1066.042865,chilli
60.832717,42.440761,99.104615,20.514893,51.564384,6.047116,1027.146055,chilli
105.278181,50.28125,80.926874,20.568993,65.475518,7.107916,828.211537,chilli
99.93228,43.607302,87.549384,28.579877,50.174077,7.207275,1145.695152,chilli
99.702874,52.805621,68.172742,20.90483,56.909197,7.405365,945.764147,chilli
94.428506,35.303504,82.005768,18.612106,73.703992,6.169242,788.278719,chilli
116.839616,56.090008,98.532217,28.52711,64.076084,6.066093,793.58708,chilli
79.458189,44.432546,91.055388,18.866374,73.79836,6.530193,1169.967949,chilli
113.027068,48.148305,60.927186,25.043137,71.704854,7.047859,679.248896,chilli
97.181524,41.143695,66.569132,27.086792,72.389109,6.82577,853.612287,chilli
61.526416,57.734546,53.463603,28.652381,70.40089,7.341129,1065.76209,chilli
106.150385,52.728903,91.060878,28.995798,63.136383,6.670087,953.213401,chilli
80.786946,33.412649,50.794602,29.955092,52.325678,6.362571,1034.227414,chilli
96.439681,36.848765,66.364842,28.231615,54.6749,7.45323,1049.037179,chilli
119.133574,33.81369,94.387872,22.083538,69.278071,7.491031,1087.36579,chilli
107.923925,43.40613,66.997745,27.172896,62.474503,6.329501,1010.148078,chilli
112.405212,45.93251,65.844158,21.046032,73.405286,6.788336,1012.26104,chilli
117.763644,48.694837,63.804174,21.196216,57.199711,7.262506,657.034817,chilli
117.445773,43.513506,54.315719,19.947352,66.565406,6.072829,941.274595,chilli
73.765365,52.82815,50.387235,20.695108,65.084434,6.299584,909.216455,chilli
64.970127,41.79776,55.742003,19.44155,56.324511,6.615472,1128.027699,chilli
76.486136,30.122981,55.036774,22.618637,69.765576,6.361246,601.618317,chilli
70.701102,47.556253,95.957034,20.473723,67.713598,7.222495,610.484286,chilli
60.90283,58.312128,74.497584,18.628378,64.412145,7.018523,796.164876,chilli
70.364358,37.876396,90.536041,22.310166,57.248422,7.486114,973.551038,chilli
93.848949,52.111146,78.317612,23.005256,73.333882,6.543288,764.222153,chilli
119.435413,50.365903,81.729141,20.030114,72.27519,7.352799,937.229371,chilli
97.493371,51.024424,82.349543,27.134371,72.872198,7.338112,1137.287791,chilli
96.675289,54.790006,83.636062,27.732445,69.516891,6.906912,728.646176,chilli
91.141975,44.818142,98.535016,26.774923,67.779369,6.285298,695.409367,chilli
66.486812,35.710036,84.226053,27.478688,64.772237,7.453458,846.385787,chilli
95.989176,33.40427,56.298257,25.627123,53.839895,6.410208,766.166562,chilli
95.839872,31.754304,75.246357,24.05815,60.614933,6.308376,824.033049,chilli
90.056493,32.357755,77.021861,29.894696,60.267894,6.896528,895.015858,chilli
104.90988,58.196039,99.731659,23.551593,65.994542,7.200195,1045.181536,chilli
76.694284,54.811082,88.844943,21.90103,70.32032,7.300361,674.975666,chilli
105.369863,42.422249,89.636103,21.600764,68.041178,7.379158,1070.332173,chilli
62.761073,34.673007,88.387138,22.627202,62.651686,7.476403,1158.343702,chilli
76.060251,48.282217,53.169212,20.46595,53.883805,6.813859,788.410096,chilli
92.034724,52.953122,62.568668,21.254778,60.468028,6.137999,731.953158,chilli
63.78313,35.551011,53.207129,26.776661,69.219731,6.152081,1055.972502,chilli
74.519146,43.332883,88.456503,27.468144,70.043037,7.027465,788.262792,chilli
66.012933,47.200401,57.112237,22.914422,71.600196,7.329619,952.269025,chilli
91.562151,44.349454,61.715637,22.173907,68.544997,7.142024,778.995258,chilli
90.279384,44.29862,70.58561,21.819415,61.214171,6.396756,1167.505747,chilli
76.157682,30.551726,97.609766,26.602012,57.255905,7.498949,1102.300934,chilli
98.271946,31.755876,86.913408,29.287219,72.485191,6.468854,986.392106,chilli
87.589271,56.563093,87.412821,25.571521,60.542864,5.749282,1041.417506,brinjal
68.787421,44.005368,80.112771,24.34773,76.076288,6.251486,859.398504,brinjal
112.013455,58.926035,89.911818,26.873285,66.498443,6.236574,885.371135,brinjal
119.630443,53.020604,71.485813,26.471169,76.59023,6.02917,909.683613,brinjal
115.932434,45.275579,97.846202,26.886888,65.775617,6.388124,965.106376,brinjal
110.525306,39.196969,89.622515,28.485351,75.061129,6.359506,1075.318894,brinjal
102.281468,49.050744,58.937405,29.313337,60.237317,5.888627,690.650591,brinjal
70.202837,36.082715,51.696665,23.338731,63.677303,7.318329,1005.42618,brinjal
75.848873,45.700367,50.931951,29.054139,66.396169,5.908383,985.460935,brinjal
104.107481,50.496181,67.445892,25.565549,69.186449,6.919018,691.549782,brinjal
68.344628,58.13992,98.301727,28.677446,71.208219,6.689456,776.488199,brinjal
112.883292,56.27111,87.318962,26.348892,61.099321,5.798987,1079.39175,brinjal
111.542052,36.99333,63.718283,24.36538,72.037757,6.474195,1032.289526,brinjal
104.599529,49.242646,55.882585,23.717683,73.774263,6.462287,825.299374,brinjal
107.423646,51.213607,82.321056,22.66024,76.626158,7.138161,748.6294,brinjal
73.170363,53.386982,69.475623,25.244382,74.868862,5.884636,1067.576423,brinjal
96.538081,41.769006,79.984682,26.531875,73.493416,5.838575,818.225095,brinjal
88.557816,48.913201,69.006896,29.994596,62.312481,6.122048,705.256057,brinjal
114.39241,44.446713,59.545914,29.610137,65.192999,6.312344,769.013607,brinjal
96.452075,40.882402,99.821806,22.932854,65.779497,6.33052,900.411703,brinjal
94.758788,42.613571,50.368978,23.719069,72.803705,7.255874,1029.969027,brinjal
61.039314,31.789003,61.429086,24.848226,72.865718,7.068456,724.922755,brinjal
65.31581,42.227564,56.20197,23.745493,73.559752,6.026758,653.800336,brinjal
60.612053,46.341156,71.288934,28.053827,62.439872,6.117608,908.239891,brinjal
70.95098,33.982508,73.203774,22.85531,61.040976,6.546341,1157.81537,brinjal
105.477574,33.199781,84.892538,29.445048,61.13696,6.026664,634.508104,brinjal
71.021489,49.394019,86.794806,24.267284,79.222996,6.706303,1160.851002,brinjal
107.717562,47.743463,63.560514,28.576831,72.541297,7.114187,967.435433,brinjal
72.509923,32.508723,74.704218,26.448439,64.42773,6.756414,1020.129695,brinjal
101.909262,59.791685,94.871227,24.45017,63.150983,5.966263,1170.551468,brinjal
115.169602,36.212901,50.871253,26.973693,70.829452,6.917277,738.931582,brinjal
71.029447,47.456994,68.04056,29.212181,76.768749,6.988214,708.682782,brinjal
84.94234,40.377753,69.157312,24.977569,71.113776,6.649589,1163.297633,brinjal
109.073164,55.78086,65.441106,29.80323,77.621655,6.31968,756.477181,brinjal
112.776019,49.082697,95.51085,22.233717,65.149988,6.368992,757.117414,brinjal
110.931699,39.911789,91.539227,24.001245,79.79691,5.601253,881.343531,brinjal
63.603275,30.446027,93.254815,23.878522,79.997834,6.330457,1016.855908,brinjal
102.986801,47.59264,75.3306,24.684791,79.335497,6.01753,998.324667,brinjal
66.915628,42.320962,70.160993,25.862131,61.29383,5.565159,943.70825,brinjal
68.563363,37.895025,55.139623,22.316545,61.237081,6.209994,1000.578193,brinjal
76.223682,45.100329,54.527257,23.471182,61.016153,6.564346,1037.087013,brinjal
80.860777,38.418269,73.060511,22.66591,77.47749,5.813034,875.179061,brinjal
106.072053,35.936624,69.49116,27.267879,69.566704,7.228487,1013.00266,brinjal
96.780408,50.678237,51.277851,26.457622,71.893118,6.179751,851.12309,brinjal
88.105615,59.656882,68.439116,23.055102,62.476457,6.630564,929.399856,brinjal
96.946117,52.214292,50.009586,25.920971,63.120136,6.988998,811.869506,brinjal
107.375839,51.734052,85.212609,27.83007,74.644636,7.482863,882.808763,brinjal
90.223581,48.294159,79.138042,28.771728,73.515081,5.937828,639.235533,brinjal
89.237997,33.944134,88.468485,26.10245,68.615154,6.974374,696.904244,brinjal
101.435366,43.883894,72.965365,29.474003,72.383888,5.72775,678.463097,brinjal
61.014654,45.751275,72.704573,23.570988,69.256527,6.62088,868.909255,brinjal
116.519505,44.689967,97.631848,24.731027,73.918713,6.448391,855.82281,brinjal
117.291278,57.885639,82.993326,28.369556,79.098144,7.034472,1153.793971,brinjal
68.933214,50.13924,68.999243,28.003784,63.410778,6.379594,1139.183512,brinjal
62.471463,48.034596,58.5838,23.871757,74.348932,5.710488,1029.371173,brinjal
75.200637,59.318367,66.038929,26.974021,74.224165,6.011943,1072.568988,brinjal
90.778655,36.621288,66.649502,24.96585,65.597982,6.877522,715.83841,brinjal
62.649355,58.69874,99.511571,26.342531,79.180117,6.247746,642.517767,brinjal
103.565441,46.842508,86.641522,29.919906,74.648869,7.029578,728.653258,brinjal
115.657204,46.233853,53.174966,22.355689,60.808768,6.991032,605.137896,brinjal
97.510244,44.41218,53.930167,25.570729,64.71578,7.29385,689.814512,brinjal
72.731696,42.645405,89.863501,24.132466,76.283111,5.823733,1005.652907,brinjal
86.222529,31.692861,57.096726,28.804468,77.162072,5.843829,617.453112,brinjal
68.054455,51.217789,85.524812,24.235717,77.499378,6.109201,1129.826925,brinjal
91.019831,53.757775,96.417969,23.625007,69.489702,6.670332,860.640972,brinjal
101.593159,57.526935,83.504439,25.358617,60.514036,7.078172,1150.551838,brinjal
74.52711,46.084723,83.513672,23.597996,63.855648,6.367614,876.220548,brinjal
70.389836,52.369538,98.439749,22.482281,70.514627,7.312601,1041.105282,brinjal
61.876368,39.176846,64.687996,24.214289,64.274557,7.228961,788.608607,brinjal
80.570191,49.445781,52.794681,22.611234,78.463727,7.410971,777.83352,brinjal
77.993258,54.886798,51.121932,25.160065,68.062128,5.933806,1133.497301,brinjal
63.801045,33.304789,80.457381,29.307722,65.913785,5.839184,1081.67833,brinjal
65.071661,35.218562,97.826845,22.946686,65.43273,6.538179,1153.092827,brinjal
82.691199,46.810557,63.393746,24.151426,69.474642,6.993938,1007.380401,brinjal
106.277028,48.916958,54.295353,26.714293,61.560892,6.600636,740.896109,brinjal
112.363975,44.064304,74.079063,23.19765,64.728121,7.169354,811.576003,brinjal
88.935927,30.224984,84.651884,25.147631,64.450785,5.967188,846.746289,brinjal
75.56937,50.114771,82.675638,22.761503,60.864048,6.005027,1134.064451,brinjal
96.382432,53.957579,75.672049,25.257839,63.799564,7.410652,1113.869932,brinjal
80.11217,49.127252,78.117965,24.411725,72.612448,6.912993,637.740354,brinjal
67.943243,53.05747,72.737615,24.035645,62.926998,5.586124,827.162838,brinjal
89.720057,49.283095,72.314551,24.71133,76.008056,6.233706,940.164221,brinjal
111.097748,36.553044,87.72663,29.095737,76.235723,7.107313,1028.551385,brinjal
91.122087,56.222977,70.044566,23.983482,61.231095,6.302755,881.067845,brinjal
110.620898,52.648974,63.056917,28.365381,78.702064,6.065974,689.306059,brinjal
91.920731,46.276271,64.272209,24.601731,69.341842,7.228998,901.794224,brinjal
93.071459,50.02068,83.271153,26.172024,76.009618,7.442241,1148.31985,brinjal
89.409957,57.353818,59.493876,28.168137,71.009009,7.231965,845.053202,brinjal
73.254055,32.904846,87.16795,22.308977,68.66222,6.368543,667.822984,brinjal
84.258365,59.247429,67.051761,26.269168,64.157509,6.367973,697.406627,brinjal
68.30777,59.054976,55.584981,29.076855,76.320083,7.265495,1003.32982,brinjal
84.530286,57.584648,80.924509,28.958439,70.661909,6.973909,839.340095,brinjal
62.480991,57.815799,97.103442,28.822985,79.679018,5.550147,1095.076872,brinjal
92.781414,57.419887,82.059533,28.813486,78.546419,7.456974,1112.635269,brinjal
98.879383,56.431862,63.279024,24.130563,64.979904,5.945101,1176.407014,brinjal
65.56422,47.129467,55.744456,23.526803,70.173976,6.915025,881.506803,brinjal
98.310145,55.385125,65.034701,24.438011,68.062764,6.50317,748.229148,brinjal
61.912151,50.692112,68.656455,29.468633,73.383212,7.308483,696.334844,brinjal
65.256236,46.225277,68.628183,22.856466,76.251849,6.037631,727.05848,brinjal
98.94372,51.787437,56.447011,26.739484,62.3041,5.958456,1170.954346,brinjal
80.346122,29.853821,60.888064,25.648568,70.178071,7.139335,918.458956,okra
97.715702,34.764716,47.780127,26.331943,79.073201,7.282074,1188.200582,okra
51.582123,46.543585,54.054568,25.462336,64.487993,6.514455,713.625377,okra
66.502452,33.979499,40.89832,28.800628,64.110767,6.899954,850.00502,okra
54.58637,26.039215,45.260048,25.795178,62.69934,6.527329,662.204212,okra
59.419275,30.709927,76.291178,28.68854,61.199874,6.142739,761.077603,okra
92.66672,40.665869,74.632876,27.976168,79.977614,7.182464,721.852661,okra
67.789211,48.375464,57.035177,24.993457,77.348563,6.90164,930.240217,okra
76.199099,35.797932,77.285823,26.745877,79.163519,6.543292,1163.686501,okra
58.209849,40.513795,41.389026,27.646186,69.826093,6.552719,1181.048366,okra
50.401387,38.069174,78.537136,25.318072,70.59489,7.199117,793.869912,okra
93.339409,40.401622,66.517208,26.133026,76.931868,7.250392,908.369142,okra
84.211709,35.657439,45.738102,26.822843,78.285182,6.496635,1021.607435,okra
94.154018,27.945908,40.256209,26.991144,66.628953,7.374883,802.419641,okra
65.355397,32.404408,73.81141,25.463535,76.862641,6.481018,852.869438,okra
98.449728,46.863626,60.888848,27.191427,66.697126,6.725521,1143.881085,okra
80.526481,30.998807,56.825497,29.665672,60.2768,6.41454,1129.197825,okra
53.308716,28.899049,78.173711,26.56903,75.586517,7.037449,1153.709329,okra
77.526274,26.656745,58.644065,27.325138,71.740781,6.345052,638.157824,okra
81.489636,34.53634,66.701578,28.53684,70.384539,6.749231,1186.031067,okra
64.376055,28.184042,50.672199,29.129299,72.005439,6.238428,1031.817781,okra
82.610787,32.553162,69.842816,27.330142,60.112964,6.271632,1055.897511,okra
85.153972,31.54193,77.019064,28.642886,62.03647,6.870858,898.607349,okra
67.141904,25.003003,77.370222,29.190945,71.429056,7.476388,728.099949,okra
86.765077,37.310245,63.399884,26.717978,76.863839,7.330177,1099.576803,okra
60.177639,28.64866,47.020323,28.37423,72.574564,6.019545,1073.667477,okra
82.976476,32.995562,74.182248,28.136018,76.888442,6.167426,1169.629677,okra
72.015835,41.128351,71.096356,24.892742,74.971373,6.694621,609.815363,okra
84.263943,42.306009,51.718298,26.254065,77.843339,6.057821,1085.368937,okra
82.017197,44.729025,72.545619,24.246216,67.078515,7.249794,653.012068,okra
77.181679,28.270464,68.645007,26.275994,72.185436,7.338178,813.749658,okra
93.021229,37.683733,59.223408,24.387933,64.471041,6.434413,710.258921,okra
95.790308,41.071907,57.398151,28.805681,74.837403,7.275545,851.013676,okra
52.635333,44.536744,69.981543,26.652569,60.801063,6.778739,903.121603,okra
86.251876,31.602644,74.067838,28.158798,75.081514,6.066616,642.685247,okra
95.89585,42.072016,52.752194,27.912136,75.393731,6.571523,1112.009896,okra
88.158592,41.642672,75.121402,24.972447,64.309718,7.308414,722.349367,okra
56.754546,47.254674,65.572417,26.196156,70.612999,6.292079,1045.962999,okra
75.784905,39.590163,47.585582,26.816978,63.772891,7.440044,984.032448,okra
84.521471,30.220052,74.883172,27.311809,79.588487,7.158718,1120.650407,okra
61.997106,27.574474,50.4458,29.652987,66.007874,7.422433,1035.822577,okra
88.392712,49.46532,70.705024,26.977086,75.25783,7.383275,618.495976,okra
63.549854,32.424477,49.780486,28.389451,75.166361,6.429731,821.885781,okra
81.68161,27.21006,79.337541,24.677935,71.485893,7.203553,926.484683,okra
58.068156,35.716689,52.01084,27.653139,75.555304,6.142182,870.501585,okra
50.093022,42.415705,59.310746,27.701599,64.915089,7.271862,1009.5161,okra
67.843175,35.683928,70.372899,29.132129,77.442628,6.018727,894.381674,okra
73.997327,30.930504,52.137991,28.416556,77.612342,6.58022,1186.842574,okra
52.450665,49.649664,58.680914,26.123745,60.45319,6.093441,810.430981,okra
80.40674,27.548213,40.758365,26.540268,76.784469,6.439583,695.538215,okra
74.362827,49.083232,76.058909,25.765836,61.117845,6.07699,654.402568,okra
85.488733,25.442566,75.563875,25.875202,75.435032,6.306243,1009.887425,okra
70.138192,37.307592,67.682514,24.461364,62.582615,6.448233,732.402142,okra
99.855299,37.353194,45.538923,27.428248,71.067625,6.366984,946.994272,okra
75.874484,41.259394,47.065591,26.224737,68.403423,6.9286,916.147153,okra
66.980679,35.310814,69.842992,27.853854,66.82872,6.093313,875.368656,okra
62.560582,43.440236,47.110077,28.906981,69.569226,7.432291,871.712163,okra
97.938451,48.946611,42.016926,27.915397,76.928258,6.60424,649.737051,okra
59.250523,47.196702,47.680175,27.172531,73.723868,7.144731,927.638245,okra
67.001495,35.622575,64.963244,29.342614,73.483691,7.001699,689.858439,okra
96.924181,37.381407,48.690117,24.429181,79.849785,6.258923,1086.132841,okra
91.352991,32.935714,52.05507,28.915148,65.219272,6.431423,934.011619,okra
69.563223,45.680962,46.893086,24.688573,61.252193,6.773795,775.154296,okra
64.83248,42.329582,40.025055,26.679996,79.443297,6.905785,629.668449,okra
92.796327,32.869829,73.389553,27.452439,61.817365,6.998504,1149.903246,okra
86.411346,49.129909,64.34313,25.562661,60.235902,7.440871,1199.453509,okra
88.535729,30.213149,55.167662,25.273892,77.82658,6.252523,698.699763,okra
83.924933,25.314711,65.368609,27.767211,67.239052,7.035658,1134.55569,okra
64.655015,26.388951,58.466726,26.376586,76.099635,7.167576,880.940965,okra
98.432688,25.482927,60.482831,26.930536,78.204815,7.0915,907.788443,okra
98.414359,37.350644,53.679113,25.441546,65.061625,6.959238,954.121246,okra
62.007979,27.517081,65.296097,25.61933,60.247129,6.40737,908.229108,okra
65.400455,28.463191,68.069519,27.744186,73.409199,7.390713,646.318448,okra
51.644631,47.51261,62.606006,26.479236,73.374767,6.959774,902.789012,okra
66.229318,25.901345,77.006066,26.36204,71.789053,7.178458,835.113757,okra
96.244809,38.584103,76.863693,25.376866,65.369998,6.323411,752.960697,okra
55.830343,43.929687,69.45461,24.846002,67.409876,7.0336,812.169958,okra
59.378691,36.764071,58.9614,27.907981,77.868465,6.690564,802.458353,okra
52.775457,41.653342,70.400291,25.595127,70.581318,6.048804,1071.621512,okra
68.730457,39.010617,55.297891,24.214788,66.903554,6.324861,941.596468,okra
89.610882,47.72342,63.850187,29.180846,60.788184,7.38679,998.318045,okra
79.145269,39.388066,57.599114,25.870829,70.304656,6.78945,1104.004007,okra
51.324533,47.785417,73.355033,28.138392,78.294437,6.706476,1000.593859,okra
57.325267,44.815936,78.238843,25.585305,63.428625,6.459418,1172.652884,okra
79.867203,48.872004,57.152341,24.105685,62.024002,6.54219,1176.742685,okra
50.54712,36.115662,40.472991,24.527712,66.898487,7.112648,897.865943,okra
70.741806,30.388269,58.232158,25.020271,65.977491,6.860351,1091.816,okra
85.93015,31.955328,75.853617,27.225186,71.460127,6.130873,827.287013,okra
98.665758,33.304647,76.048643,26.61438,72.704833,7.171557,726.545219,okra
99.569493,48.441,55.766464,28.82996,69.617355,6.9645,984.889675,okra
60.913569,37.225101,79.492849,26.355345,66.206759,7.245382,851.745575,okra
89.567698,32.982417,59.242823,26.856105,65.23398,6.201499,786.652301,okra
58.220996,40.300511,70.889772,27.16546,63.666981,7.308953,717.678618,okra
68.725628,34.368394,61.964287,29.948065,72.514923,6.130181,788.744633,okra
62.416062,44.244419,48.309315,24.271061,71.735416,6.336333,683.090327,okra
84.871347,25.240942,72.047934,27.614564,63.41677,6.320082,964.864364,okra
99.095843,48.756142,60.751207,27.886089,63.261061,7.21406,943.542081,okra
84.673546,39.973655,71.858333,29.426003,75.779699,6.237324,1023.767091,okra
76.991106,32.157809,62.871744,27.181155,62.812953,7.00162,910.615007,okra
87.888524,26.065562,52.833399,24.58052,60.175019,6.932084,737.004793,okra
